[{"model": "admin.logentry", "pk": 1, "fields": {"action_time": "2021-12-24T00:24:06.454Z", "user": 1, "content_type": 12, "object_id": "1", "object_repr": "Humanitar fənnlər", "action_flag": 1, "change_message": "[{\"added\": {}}]"}}, {"model": "admin.logentry", "pk": 2, "fields": {"action_time": "2021-12-24T00:24:48.365Z", "user": 1, "content_type": 12, "object_id": "2", "object_repr": "Riyaziyyat-İnformatika", "action_flag": 1, "change_message": "[{\"added\": {}}]"}}, {"model": "admin.logentry", "pk": 3, "fields": {"action_time": "2021-12-24T00:25:10.527Z", "user": 1, "content_type": 12, "object_id": "3", "object_repr": "Sosial-İqtisadi", "action_flag": 1, "change_message": "[{\"added\": {}}]"}}, {"model": "admin.logentry", "pk": 4, "fields": {"action_time": "2021-12-24T00:25:38.849Z", "user": 1, "content_type": 12, "object_id": "4", "object_repr": "Aqrar Texnologiyalar", "action_flag": 1, "change_message": "[{\"added\": {}}]"}}, {"model": "admin.logentry", "pk": 5, "fields": {"action_time": "2021-12-24T00:25:57.061Z", "user": 1, "content_type": 12, "object_id": "5", "object_repr": "Qida məhsulları", "action_flag": 1, "change_message": "[{\"added\": {}}]"}}, {"model": "admin.logentry", "pk": 6, "fields": {"action_time": "2021-12-24T00:26:13.990Z", "user": 1, "content_type": 12, "object_id": "6", "object_repr": "Tibb və təbiət", "action_flag": 1, "change_message": "[{\"added\": {}}]"}}, {"model": "admin.logentry", "pk": 7, "fields": {"action_time": "2021-12-24T00:26:28.974Z", "user": 1, "content_type": 12, "object_id": "7", "object_repr": "Turizm", "action_flag": 1, "change_message": "[{\"added\": {}}]"}}, {"model": "admin.logentry", "pk": 8, "fields": {"action_time": "2021-12-24T00:26:46.441Z", "user": 1, "content_type": 12, "object_id": "8", "object_repr": "Ümumtəhsil və idman", "action_flag": 1, "change_message": "[{\"added\": {}}]"}}, {"model": "admin.logentry", "pk": 9, "fields": {"action_time": "2021-12-24T00:28:50.744Z", "user": 1, "content_type": 13, "object_id": "1", "object_repr": "Salam", "action_flag": 1, "change_message": "[{\"added\": {}}]"}}, {"model": "admin.logentry", "pk": 10, "fields": {"action_time": "2021-12-24T00:29:11.637Z", "user": 1, "content_type": 13, "object_id": "2", "object_repr": "novruz", "action_flag": 1, "change_message": "[{\"added\": {}}]"}}, {"model": "admin.logentry", "pk": 11, "fields": {"action_time": "2021-12-24T00:29:21.652Z", "user": 1, "content_type": 13, "object_id": "3", "object_repr": "bayraq", "action_flag": 1, "change_message": "[{\"added\": {}}]"}}, {"model": "admin.logentry", "pk": 12, "fields": {"action_time": "2021-12-24T00:30:09.312Z", "user": 1, "content_type": 13, "object_id": "4", "object_repr": "geyim", "action_flag": 1, "change_message": "[{\"added\": {}}]"}}, {"model": "admin.logentry", "pk": 13, "fields": {"action_time": "2021-12-24T00:30:23.879Z", "user": 1, "content_type": 13, "object_id": "5", "object_repr": "prezident", "action_flag": 1, "change_message": "[{\"added\": {}}]"}}, {"model": "admin.logentry", "pk": 14, "fields": {"action_time": "2021-12-24T00:31:01.961Z", "user": 1, "content_type": 13, "object_id": "6", "object_repr": "prezidentcari", "action_flag": 1, "change_message": "[{\"added\": {}}]"}}, {"model": "admin.logentry", "pk": 15, "fields": {"action_time": "2021-12-24T00:31:04.502Z", "user": 1, "content_type": 13, "object_id": "6", "object_repr": "prezidentcari", "action_flag": 2, "change_message": "[]"}}, {"model": "admin.logentry", "pk": 16, "fields": {"action_time": "2021-12-24T00:32:28.138Z", "user": 1, "content_type": 13, "object_id": "7", "object_repr": "shahmat", "action_flag": 1, "change_message": "[{\"added\": {}}]"}}, {"model": "admin.logentry", "pk": 17, "fields": {"action_time": "2021-12-24T00:32:43.818Z", "user": 1, "content_type": 13, "object_id": "8", "object_repr": "qadin", "action_flag": 1, "change_message": "[{\"added\": {}}]"}}, {"model": "admin.logentry", "pk": 18, "fields": {"action_time": "2021-12-24T00:32:53.975Z", "user": 1, "content_type": 13, "object_id": "9", "object_repr": "neü year", "action_flag": 1, "change_message": "[{\"added\": {}}]"}}, {"model": "admin.logentry", "pk": 19, "fields": {"action_time": "2021-12-24T00:33:43.590Z", "user": 1, "content_type": 13, "object_id": "10", "object_repr": "qiz", "action_flag": 1, "change_message": "[{\"added\": {}}]"}}, {"model": "admin.logentry", "pk": 20, "fields": {"action_time": "2021-12-24T00:34:25.158Z", "user": 1, "content_type": 13, "object_id": "1", "object_repr": "Salam", "action_flag": 2, "change_message": "[{\"changed\": {\"fields\": [\"Image\"]}}]"}}, {"model": "admin.logentry", "pk": 21, "fields": {"action_time": "2021-12-24T00:36:46.907Z", "user": 1, "content_type": 11, "object_id": "1", "object_repr": "Yaradilma tarixi", "action_flag": 1, "change_message": "[{\"added\": {}}]"}}, {"model": "admin.logentry", "pk": 22, "fields": {"action_time": "2021-12-24T00:37:40.586Z", "user": 1, "content_type": 7, "object_id": "1", "object_repr": "Haqqımızda", "action_flag": 1, "change_message": "[{\"added\": {}}]"}}, {"model": "admin.logentry", "pk": 23, "fields": {"action_time": "2021-12-24T00:39:45.817Z", "user": 1, "content_type": 16, "object_id": "1", "object_repr": "Baytarlıq", "action_flag": 1, "change_message": "[{\"added\": {}}]"}}, {"model": "admin.logentry", "pk": 24, "fields": {"action_time": "2021-12-24T00:40:17.753Z", "user": 1, "content_type": 16, "object_id": "2", "object_repr": "Zootexniklik", "action_flag": 1, "change_message": "[{\"added\": {}}]"}}, {"model": "admin.logentry", "pk": 25, "fields": {"action_time": "2021-12-24T00:40:39.885Z", "user": 1, "content_type": 16, "object_id": "3", "object_repr": "Meşə və Park", "action_flag": 1, "change_message": "[{\"added\": {}}]"}}, {"model": "admin.logentry", "pk": 26, "fields": {"action_time": "2021-12-24T00:40:59.252Z", "user": 1, "content_type": 16, "object_id": "4", "object_repr": "Aqranomluq", "action_flag": 1, "change_message": "[{\"added\": {}}]"}}, {"model": "admin.logentry", "pk": 27, "fields": {"action_time": "2021-12-24T00:55:22.906Z", "user": 1, "content_type": 16, "object_id": "5", "object_repr": "Süd və süd məhsulları", "action_flag": 1, "change_message": "[{\"added\": {}}]"}}, {"model": "admin.logentry", "pk": 28, "fields": {"action_time": "2021-12-24T00:55:52.725Z", "user": 1, "content_type": 16, "object_id": "6", "object_repr": "Şərabçılıq və qıcqırtma məhsulları texnologiyası", "action_flag": 1, "change_message": "[{\"added\": {}}]"}}, {"model": "admin.logentry", "pk": 29, "fields": {"action_time": "2021-12-24T00:56:29.756Z", "user": 1, "content_type": 16, "object_id": "7", "object_repr": "Qida məhsullarının təhlükəsizliyi", "action_flag": 1, "change_message": "[{\"added\": {}}]"}}, {"model": "admin.logentry", "pk": 30, "fields": {"action_time": "2021-12-24T00:56:52.495Z", "user": 1, "content_type": 16, "object_id": "8", "object_repr": "Çörək və un qənnadı məhsulları", "action_flag": 1, "change_message": "[{\"added\": {}}]"}}, {"model": "admin.logentry", "pk": 31, "fields": {"action_time": "2021-12-24T00:57:33.136Z", "user": 1, "content_type": 16, "object_id": "9", "object_repr": "Turizm işinin təşkili", "action_flag": 1, "change_message": "[{\"added\": {}}]"}}, {"model": "admin.logentry", "pk": 32, "fields": {"action_time": "2021-12-24T00:58:06.350Z", "user": 1, "content_type": 16, "object_id": "10", "object_repr": "Mehmanxana Təsərrüfatının Təşkili və İdarə edilməsi", "action_flag": 1, "change_message": "[{\"added\": {}}]"}}, {"model": "admin.logentry", "pk": 33, "fields": {"action_time": "2021-12-24T00:58:50.591Z", "user": 1, "content_type": 16, "object_id": "11", "object_repr": "Məktəbə qədər təhsil", "action_flag": 1, "change_message": "[{\"added\": {}}]"}}, {"model": "admin.logentry", "pk": 34, "fields": {"action_time": "2021-12-24T00:59:16.433Z", "user": 1, "content_type": 16, "object_id": "12", "object_repr": "Kompyuter sistemlərində proqram təminatı", "action_flag": 1, "change_message": "[{\"added\": {}}]"}}, {"model": "admin.logentry", "pk": 35, "fields": {"action_time": "2021-12-24T00:59:55.348Z", "user": 1, "content_type": 16, "object_id": "13", "object_repr": "Mühasibat uçotu", "action_flag": 1, "change_message": "[{\"added\": {}}]"}}, {"model": "admin.logentry", "pk": 36, "fields": {"action_time": "2021-12-24T01:00:58.323Z", "user": 1, "content_type": 16, "object_id": "13", "object_repr": "Mühasibat uçotu", "action_flag": 2, "change_message": "[{\"changed\": {\"fields\": [\"Image\"]}}]"}}, {"model": "admin.logentry", "pk": 37, "fields": {"action_time": "2021-12-24T01:01:28.002Z", "user": 1, "content_type": 16, "object_id": "12", "object_repr": "Kompyuter sistemlərində proqram təminatı", "action_flag": 2, "change_message": "[{\"changed\": {\"fields\": [\"Image\"]}}]"}}, {"model": "admin.logentry", "pk": 38, "fields": {"action_time": "2021-12-24T01:01:37.004Z", "user": 1, "content_type": 16, "object_id": "11", "object_repr": "Məktəbə qədər təhsil", "action_flag": 2, "change_message": "[{\"changed\": {\"fields\": [\"Image\"]}}]"}}, {"model": "admin.logentry", "pk": 39, "fields": {"action_time": "2021-12-24T01:01:47.320Z", "user": 1, "content_type": 16, "object_id": "10", "object_repr": "Mehmanxana Təsərrüfatının Təşkili və İdarə edilməsi", "action_flag": 2, "change_message": "[{\"changed\": {\"fields\": [\"Image\"]}}]"}}, {"model": "admin.logentry", "pk": 40, "fields": {"action_time": "2021-12-24T01:01:56.948Z", "user": 1, "content_type": 16, "object_id": "11", "object_repr": "Məktəbə qədər təhsil", "action_flag": 2, "change_message": "[{\"changed\": {\"fields\": [\"Image\"]}}]"}}, {"model": "admin.logentry", "pk": 41, "fields": {"action_time": "2021-12-24T01:02:04.316Z", "user": 1, "content_type": 16, "object_id": "10", "object_repr": "Mehmanxana Təsərrüfatının Təşkili və İdarə edilməsi", "action_flag": 2, "change_message": "[]"}}, {"model": "admin.logentry", "pk": 42, "fields": {"action_time": "2021-12-24T01:02:15.334Z", "user": 1, "content_type": 16, "object_id": "9", "object_repr": "Turizm işinin təşkili", "action_flag": 2, "change_message": "[{\"changed\": {\"fields\": [\"Image\"]}}]"}}, {"model": "admin.logentry", "pk": 43, "fields": {"action_time": "2021-12-24T01:02:25.186Z", "user": 1, "content_type": 16, "object_id": "9", "object_repr": "Turizm işinin təşkili", "action_flag": 2, "change_message": "[{\"changed\": {\"fields\": [\"Image\"]}}]"}}, {"model": "admin.logentry", "pk": 44, "fields": {"action_time": "2021-12-24T01:03:10.733Z", "user": 1, "content_type": 16, "object_id": "5", "object_repr": "Süd və süd məhsulları", "action_flag": 2, "change_message": "[{\"changed\": {\"fields\": [\"Image\"]}}]"}}, {"model": "admin.logentry", "pk": 45, "fields": {"action_time": "2021-12-24T01:03:20.497Z", "user": 1, "content_type": 16, "object_id": "6", "object_repr": "Şərabçılıq və qıcqırtma məhsulları texnologiyası", "action_flag": 2, "change_message": "[{\"changed\": {\"fields\": [\"Image\"]}}]"}}, {"model": "admin.logentry", "pk": 46, "fields": {"action_time": "2021-12-24T01:03:31.744Z", "user": 1, "content_type": 16, "object_id": "7", "object_repr": "Qida məhsullarının təhlükəsizliyi", "action_flag": 2, "change_message": "[{\"changed\": {\"fields\": [\"Image\"]}}]"}}, {"model": "admin.logentry", "pk": 47, "fields": {"action_time": "2021-12-24T01:03:42.798Z", "user": 1, "content_type": 16, "object_id": "8", "object_repr": "Çörək və un qənnadı məhsulları", "action_flag": 2, "change_message": "[{\"changed\": {\"fields\": [\"Image\"]}}]"}}, {"model": "admin.logentry", "pk": 48, "fields": {"action_time": "2021-12-24T01:05:26.677Z", "user": 1, "content_type": 10, "object_id": "1", "object_repr": "Təhsil", "action_flag": 1, "change_message": "[{\"added\": {}}]"}}, {"model": "admin.logentry", "pk": 49, "fields": {"action_time": "2021-12-24T01:05:32.568Z", "user": 1, "content_type": 10, "object_id": "2", "object_repr": "Digər", "action_flag": 1, "change_message": "[{\"added\": {}}]"}}, {"model": "admin.logentry", "pk": 50, "fields": {"action_time": "2021-12-24T01:07:09.929Z", "user": 1, "content_type": 14, "object_id": "1", "object_repr": "Tibb bacısı işi ixtisası", "action_flag": 1, "change_message": "[{\"added\": {}}]"}}, {"model": "admin.logentry", "pk": 51, "fields": {"action_time": "2021-12-24T01:11:48.932Z", "user": 1, "content_type": 14, "object_id": "2", "object_repr": "Baytarlıq", "action_flag": 1, "change_message": "[{\"added\": {}}]"}}, {"model": "admin.logentry", "pk": 52, "fields": {"action_time": "2021-12-24T01:12:22.534Z", "user": 1, "content_type": 14, "object_id": "3", "object_repr": "Meşə Park", "action_flag": 1, "change_message": "[{\"added\": {}}]"}}, {"model": "admin.logentry", "pk": 53, "fields": {"action_time": "2021-12-24T01:12:38.029Z", "user": 1, "content_type": 14, "object_id": "4", "object_repr": "Zootexniklik", "action_flag": 1, "change_message": "[{\"added\": {}}]"}}, {"model": "admin.logentry", "pk": 54, "fields": {"action_time": "2021-12-24T01:13:01.380Z", "user": 1, "content_type": 14, "object_id": "5", "object_repr": "Aqronomluq", "action_flag": 1, "change_message": "[{\"added\": {}}]"}}, {"model": "admin.logentry", "pk": 55, "fields": {"action_time": "2021-12-24T01:13:18.007Z", "user": 1, "content_type": 14, "object_id": "6", "object_repr": "Süd və süd məhsulları", "action_flag": 1, "change_message": "[{\"added\": {}}]"}}, {"model": "admin.logentry", "pk": 56, "fields": {"action_time": "2021-12-24T01:13:46.700Z", "user": 1, "content_type": 14, "object_id": "7", "object_repr": "Şərabçılıq və qıcqırtma məhsulları texnologiyası", "action_flag": 1, "change_message": "[{\"added\": {}}]"}}, {"model": "admin.logentry", "pk": 57, "fields": {"action_time": "2021-12-24T01:14:04.210Z", "user": 1, "content_type": 14, "object_id": "8", "object_repr": "Qida məhsullarının təhlükəsizliyi", "action_flag": 1, "change_message": "[{\"added\": {}}]"}}, {"model": "admin.logentry", "pk": 58, "fields": {"action_time": "2021-12-24T01:14:26.540Z", "user": 1, "content_type": 14, "object_id": "9", "object_repr": "Çörək və un qənnadı məhsulları", "action_flag": 1, "change_message": "[{\"added\": {}}]"}}, {"model": "admin.logentry", "pk": 59, "fields": {"action_time": "2021-12-24T01:14:45.885Z", "user": 1, "content_type": 14, "object_id": "10", "object_repr": "Turizm işinin təşkili", "action_flag": 1, "change_message": "[{\"added\": {}}]"}}, {"model": "admin.logentry", "pk": 60, "fields": {"action_time": "2021-12-24T01:15:07.965Z", "user": 1, "content_type": 14, "object_id": "11", "object_repr": "Mehmanxana Təsərrüfatının Təşkili və İdarə edilməsi", "action_flag": 1, "change_message": "[{\"added\": {}}]"}}, {"model": "admin.logentry", "pk": 61, "fields": {"action_time": "2021-12-24T01:15:24.472Z", "user": 1, "content_type": 14, "object_id": "12", "object_repr": "Məktəbə qədər təhsil", "action_flag": 1, "change_message": "[{\"added\": {}}]"}}, {"model": "admin.logentry", "pk": 62, "fields": {"action_time": "2021-12-24T01:15:45.070Z", "user": 1, "content_type": 14, "object_id": "13", "object_repr": "Kompyuter sistemlərində proqram təminatı", "action_flag": 1, "change_message": "[{\"added\": {}}]"}}, {"model": "admin.logentry", "pk": 63, "fields": {"action_time": "2021-12-24T01:16:03.608Z", "user": 1, "content_type": 14, "object_id": "14", "object_repr": "Mühasibat uçotu", "action_flag": 1, "change_message": "[{\"added\": {}}]"}}, {"model": "admin.logentry", "pk": 64, "fields": {"action_time": "2021-12-24T01:18:44.853Z", "user": 1, "content_type": 17, "object_id": "1", "object_repr": "Ismayıllı Mərkəzi Xəstəxanası", "action_flag": 1, "change_message": "[{\"added\": {}}]"}}, {"model": "admin.logentry", "pk": 65, "fields": {"action_time": "2021-12-24T01:19:08.387Z", "user": 1, "content_type": 17, "object_id": "1", "object_repr": "Ismayıllı Mərkəzi Xəstəxanası", "action_flag": 2, "change_message": "[{\"changed\": {\"fields\": [\"Description\"]}}]"}}, {"model": "admin.logentry", "pk": 66, "fields": {"action_time": "2021-12-24T01:20:32.944Z", "user": 1, "content_type": 17, "object_id": "2", "object_repr": "Qəbələ Tufandag Otel", "action_flag": 1, "change_message": "[{\"added\": {}}]"}}, {"model": "admin.logentry", "pk": 67, "fields": {"action_time": "2021-12-24T01:23:02.812Z", "user": 1, "content_type": 17, "object_id": "3", "object_repr": "Süd zavodu", "action_flag": 1, "change_message": "[{\"added\": {}}]"}}, {"model": "admin.logentry", "pk": 68, "fields": {"action_time": "2021-12-24T01:24:03.453Z", "user": 1, "content_type": 8, "object_id": "1", "object_repr": "qəbul", "action_flag": 1, "change_message": "[{\"added\": {}}]"}}, {"model": "admin.logentry", "pk": 69, "fields": {"action_time": "2021-12-24T01:24:27.523Z", "user": 1, "content_type": 8, "object_id": "1", "object_repr": "qəbul", "action_flag": 2, "change_message": "[{\"changed\": {\"fields\": [\"Description\", \"Description\"]}}]"}}, {"model": "admin.logentry", "pk": 70, "fields": {"action_time": "2021-12-24T01:25:54.695Z", "user": 1, "content_type": 8, "object_id": "1", "object_repr": "qəbul", "action_flag": 2, "change_message": "[]"}}, {"model": "admin.logentry", "pk": 71, "fields": {"action_time": "2021-12-24T01:26:47.334Z", "user": 1, "content_type": 8, "object_id": "1", "object_repr": "qəbul", "action_flag": 2, "change_message": "[{\"changed\": {\"fields\": [\"General Admission\", \"From 9 Admission\", \"From 11 Admission\"]}}]"}}, {"model": "admin.logentry", "pk": 72, "fields": {"action_time": "2021-12-24T01:27:22.453Z", "user": 1, "content_type": 8, "object_id": "1", "object_repr": "qəbul", "action_flag": 2, "change_message": "[]"}}, {"model": "admin.logentry", "pk": 73, "fields": {"action_time": "2021-12-24T01:31:17.886Z", "user": 1, "content_type": 22, "object_id": "1", "object_repr": "Turizm", "action_flag": 1, "change_message": "[{\"added\": {}}]"}}, {"model": "admin.logentry", "pk": 74, "fields": {"action_time": "2021-12-24T01:32:12.147Z", "user": 1, "content_type": 23, "object_id": "1", "object_repr": "Taleh Məmmədli", "action_flag": 1, "change_message": "[{\"added\": {}}]"}}, {"model": "admin.logentry", "pk": 75, "fields": {"action_time": "2021-12-24T01:33:17.484Z", "user": 1, "content_type": 19, "object_id": "1", "object_repr": "Yeni il tədbiri", "action_flag": 1, "change_message": "[{\"added\": {}}]"}}, {"model": "admin.logentry", "pk": 76, "fields": {"action_time": "2021-12-24T01:34:52.651Z", "user": 1, "content_type": 19, "object_id": "2", "object_repr": "Bayraq Günü", "action_flag": 1, "change_message": "[{\"added\": {}}]"}}, {"model": "admin.logentry", "pk": 77, "fields": {"action_time": "2021-12-24T01:35:43.397Z", "user": 1, "content_type": 19, "object_id": "3", "object_repr": "Zəfər Günü", "action_flag": 1, "change_message": "[{\"added\": {}}]"}}, {"model": "admin.logentry", "pk": 78, "fields": {"action_time": "2021-12-24T01:36:31.587Z", "user": 1, "content_type": 19, "object_id": "4", "object_repr": "Prezident İlham Əliyevin doğum günü", "action_flag": 1, "change_message": "[{\"added\": {}}]"}}, {"model": "admin.logentry", "pk": 79, "fields": {"action_time": "2021-12-24T01:38:47.504Z", "user": 1, "content_type": 18, "object_id": "1", "object_repr": "\" İrqçiliyə yox deyək \" adlı tədbir", "action_flag": 1, "change_message": "[{\"added\": {}}]"}}, {"model": "admin.logentry", "pk": 80, "fields": {"action_time": "2021-12-24T01:39:04.247Z", "user": 1, "content_type": 18, "object_id": "1", "object_repr": "\" İrqçiliyə yox deyək \" adlı tədbir", "action_flag": 2, "change_message": "[{\"changed\": {\"fields\": [\"Title\"]}}]"}}, {"model": "admin.logentry", "pk": 81, "fields": {"action_time": "2021-12-24T01:39:37.164Z", "user": 1, "content_type": 18, "object_id": "1", "object_repr": "\" İrqçiliyə yox deyək \"", "action_flag": 2, "change_message": "[{\"changed\": {\"fields\": [\"Title\", \"Title [az]\"]}}]"}}, {"model": "admin.logentry", "pk": 82, "fields": {"action_time": "2021-12-24T01:39:53.845Z", "user": 1, "content_type": 18, "object_id": "2", "object_repr": "Zəfər günü", "action_flag": 1, "change_message": "[{\"added\": {}}]"}}, {"model": "admin.logentry", "pk": 83, "fields": {"action_time": "2021-12-24T01:40:31.800Z", "user": 1, "content_type": 18, "object_id": "1", "object_repr": "\" İrqçiliyə yox deyək \"", "action_flag": 2, "change_message": "[{\"changed\": {\"fields\": [\"Description\", \"Description [az]\"]}}]"}}, {"model": "admin.logentry", "pk": 84, "fields": {"action_time": "2021-12-24T01:41:04.496Z", "user": 1, "content_type": 18, "object_id": "1", "object_repr": "\" İrqçiliyə yox deyək \"", "action_flag": 2, "change_message": "[{\"changed\": {\"fields\": [\"Description\", \"Description [az]\"]}}]"}}, {"model": "admin.logentry", "pk": 85, "fields": {"action_time": "2021-12-24T01:41:28.688Z", "user": 1, "content_type": 18, "object_id": "1", "object_repr": "\" İrqçiliyə yox deyək \"", "action_flag": 2, "change_message": "[{\"changed\": {\"fields\": [\"Description\", \"Description [az]\"]}}]"}}, {"model": "admin.logentry", "pk": 86, "fields": {"action_time": "2021-12-24T01:41:52.028Z", "user": 1, "content_type": 18, "object_id": "2", "object_repr": "Zəfər günü", "action_flag": 2, "change_message": "[{\"changed\": {\"fields\": [\"Description\"]}}]"}}, {"model": "admin.logentry", "pk": 87, "fields": {"action_time": "2021-12-24T01:42:09.221Z", "user": 1, "content_type": 18, "object_id": "1", "object_repr": "\" İrqçiliyə yox deyək \"", "action_flag": 2, "change_message": "[{\"changed\": {\"fields\": [\"Description\", \"Description [az]\"]}}]"}}, {"model": "admin.logentry", "pk": 88, "fields": {"action_time": "2021-12-24T01:42:39.943Z", "user": 1, "content_type": 18, "object_id": "1", "object_repr": "\" İrqçiliyə yox deyək \"", "action_flag": 2, "change_message": "[{\"changed\": {\"fields\": [\"Description\", \"Description [az]\"]}}]"}}, {"model": "admin.logentry", "pk": 89, "fields": {"action_time": "2021-12-24T01:42:58.311Z", "user": 1, "content_type": 18, "object_id": "2", "object_repr": "Zəfər günü", "action_flag": 2, "change_message": "[{\"changed\": {\"fields\": [\"Description\", \"Description [az]\"]}}]"}}, {"model": "admin.logentry", "pk": 90, "fields": {"action_time": "2021-12-24T01:44:07.225Z", "user": 1, "content_type": 18, "object_id": "3", "object_repr": "Ulu Öndər Heydər Əliyevin anım günü", "action_flag": 1, "change_message": "[{\"added\": {}}]"}}, {"model": "admin.logentry", "pk": 91, "fields": {"action_time": "2021-12-24T01:44:54.788Z", "user": 1, "content_type": 18, "object_id": "2", "object_repr": "Zəfər günü", "action_flag": 2, "change_message": "[{\"changed\": {\"fields\": [\"Description\", \"Description [az]\"]}}]"}}, {"model": "admin.logentry", "pk": 92, "fields": {"action_time": "2021-12-24T01:48:11.723Z", "user": 1, "content_type": 18, "object_id": "1", "object_repr": "\" İrqçiliyə yox deyək \"", "action_flag": 2, "change_message": "[{\"changed\": {\"fields\": [\"Title\", \"Image\"]}}]"}}, {"model": "admin.logentry", "pk": 93, "fields": {"action_time": "2021-12-24T01:49:18.918Z", "user": 1, "content_type": 18, "object_id": "1", "object_repr": "Qazilərlə görüş", "action_flag": 2, "change_message": "[{\"changed\": {\"fields\": [\"Title\", \"Title [az]\", \"Description\", \"Description [az]\"]}}]"}}, {"model": "admin.logentry", "pk": 94, "fields": {"action_time": "2021-12-24T01:49:41.778Z", "user": 1, "content_type": 18, "object_id": "1", "object_repr": "Qazilərlə görüş", "action_flag": 2, "change_message": "[{\"changed\": {\"fields\": [\"Description\", \"Description [az]\"]}}]"}}, {"model": "admin.logentry", "pk": 95, "fields": {"action_time": "2021-12-24T01:50:15.630Z", "user": 1, "content_type": 18, "object_id": "3", "object_repr": "Ulu Öndər Heydər Əliyevin anım günü", "action_flag": 2, "change_message": "[{\"changed\": {\"fields\": [\"Description\", \"Description [az]\"]}}]"}}, {"model": "admin.logentry", "pk": 96, "fields": {"action_time": "2021-12-24T01:51:32.197Z", "user": 1, "content_type": 20, "object_id": "1", "object_repr": "Dərslərdə iştirak edə bilmədim. Bu halda nə etməliyəm?", "action_flag": 1, "change_message": "[{\"added\": {}}]"}}, {"model": "admin.logentry", "pk": 97, "fields": {"action_time": "2021-12-24T01:51:46.232Z", "user": 1, "content_type": 20, "object_id": "2", "object_repr": "2. Dərslərdə iştirak məcburidir? Qayıb limitini keçdikdə nə baş verir ?", "action_flag": 1, "change_message": "[{\"added\": {}}]"}}, {"model": "admin.logentry", "pk": 98, "fields": {"action_time": "2021-12-24T01:52:00.645Z", "user": 1, "content_type": 20, "object_id": "3", "object_repr": "Dərs qeydiyyatı nə üçündür? TMS-də qeydiyyatdan keçmək zəruridir?", "action_flag": 1, "change_message": "[{\"added\": {}}]"}}, {"model": "admin.logentry", "pk": 99, "fields": {"action_time": "2021-12-24T01:52:07.695Z", "user": 1, "content_type": 20, "object_id": "2", "object_repr": "Dərslərdə iştirak məcburidir? Qayıb limitini keçdikdə nə baş verir ?", "action_flag": 2, "change_message": "[{\"changed\": {\"fields\": [\"Sual\"]}}]"}}, {"model": "admin.logentry", "pk": 100, "fields": {"action_time": "2021-12-24T01:52:21.199Z", "user": 1, "content_type": 20, "object_id": "4", "object_repr": "Turnitində plagiarizm limitini keçdikdə nə baş verir?", "action_flag": 1, "change_message": "[{\"added\": {}}]"}}, {"model": "admin.logentry", "pk": 101, "fields": {"action_time": "2021-12-24T01:52:35.575Z", "user": 1, "content_type": 20, "object_id": "5", "object_repr": "Yay məktəbində iştirak edərək fənni yenidən dinləmək istəyirəm. Yay məktəbi nə zaman və hansı şərtlə", "action_flag": 1, "change_message": "[{\"added\": {}}]"}}, {"model": "admin.logentry", "pk": 102, "fields": {"action_time": "2021-12-24T01:52:48.929Z", "user": 1, "content_type": 20, "object_id": "6", "object_repr": "Fənni təkrar dinləmək üçün ödəniş necə hesablanır?", "action_flag": 1, "change_message": "[{\"added\": {}}]"}}, {"model": "admin.logentry", "pk": 103, "fields": {"action_time": "2021-12-24T01:53:10.199Z", "user": 1, "content_type": 20, "object_id": "7", "object_repr": "İmtahanda iştirak edə bilmədim , yenidən imtahan verə bilərəm?", "action_flag": 1, "change_message": "[{\"added\": {}}]"}}, {"model": "admin.logentry", "pk": 104, "fields": {"action_time": "2021-12-24T01:53:23.737Z", "user": 1, "content_type": 20, "object_id": "8", "object_repr": "İmtahan nəticəm məni qane etmir. Bu halda nə etməliyəm?", "action_flag": 1, "change_message": "[{\"added\": {}}]"}}, {"model": "admin.logentry", "pk": 105, "fields": {"action_time": "2021-12-24T01:53:34.518Z", "user": 1, "content_type": 20, "object_id": "9", "object_repr": "Fəndən müvəffəq nəticə əldə etmişəm , lakin nəticəm məni qane etmir. Yenidən imtahanda iştirak etmək", "action_flag": 1, "change_message": "[{\"added\": {}}]"}}, {"model": "admin.logentry", "pk": 106, "fields": {"action_time": "2021-12-24T01:53:51.035Z", "user": 1, "content_type": 20, "object_id": "10", "object_repr": "Təkrar imtahan ödənişi necə hesablanır?", "action_flag": 1, "change_message": "[{\"added\": {}}]"}}, {"model": "admin.logentry", "pk": 107, "fields": {"action_time": "2021-12-24T02:02:15.801Z", "user": 1, "content_type": 21, "object_id": "1", "object_repr": "Kitabxananın iş saatları?", "action_flag": 1, "change_message": "[{\"added\": {}}]"}}, {"model": "admin.logentry", "pk": 108, "fields": {"action_time": "2021-12-24T02:02:28.564Z", "user": 1, "content_type": 21, "object_id": "2", "object_repr": "Kitabxanadan götürdüyüm kitabı itirmişəm və ya yar", "action_flag": 1, "change_message": "[{\"added\": {}}]"}}, {"model": "admin.logentry", "pk": 109, "fields": {"action_time": "2021-12-24T02:02:41.320Z", "user": 1, "content_type": 21, "object_id": "3", "object_repr": "Dərsliklərin verilməsi üçün fakültələr üzrə bölgü", "action_flag": 1, "change_message": "[{\"added\": {}}]"}}, {"model": "admin.logentry", "pk": 110, "fields": {"action_time": "2021-12-24T02:02:57.760Z", "user": 1, "content_type": 21, "object_id": "4", "object_repr": "Tələbənin özündən başqa digər şəxsin dərslikləri g", "action_flag": 1, "change_message": "[{\"added\": {}}]"}}, {"model": "admin.logentry", "pk": 111, "fields": {"action_time": "2021-12-24T02:03:12.076Z", "user": 1, "content_type": 21, "object_id": "5", "object_repr": "Dərsliklərin təhvil verilməsini tələbədən başqa d", "action_flag": 1, "change_message": "[{\"added\": {}}]"}}, {"model": "admin.logentry", "pk": 112, "fields": {"action_time": "2021-12-24T02:03:23.199Z", "user": 1, "content_type": 21, "object_id": "6", "object_repr": "Bədii ədəbiyyatların istifadə müddəti nə qədərdir", "action_flag": 1, "change_message": "[{\"added\": {}}]"}}, {"model": "admin.logentry", "pk": 113, "fields": {"action_time": "2021-12-24T02:03:35.053Z", "user": 1, "content_type": 21, "object_id": "7", "object_repr": "Nüsxəsi az olan (qiymətli) kitabları kitabxanadan", "action_flag": 1, "change_message": "[{\"added\": {}}]"}}, {"model": "admin.logentry", "pk": 114, "fields": {"action_time": "2021-12-24T02:03:53.362Z", "user": 1, "content_type": 21, "object_id": "8", "object_repr": "Semestr bitdikdən sonra dərsliklərin vaxtının uzad", "action_flag": 1, "change_message": "[{\"added\": {}}]"}}, {"model": "admin.logentry", "pk": 115, "fields": {"action_time": "2021-12-24T02:04:00.748Z", "user": 1, "content_type": 21, "object_id": "9", "object_repr": "Tələbə universiteti bitirdikdə kitabxana rəhbərliy", "action_flag": 1, "change_message": "[{\"added\": {}}]"}}, {"model": "admin.logentry", "pk": 116, "fields": {"action_time": "2021-12-24T02:06:21.436Z", "user": 1, "content_type": 23, "object_id": "2", "object_repr": "Məmmədli İlqar", "action_flag": 1, "change_message": "[{\"added\": {}}]"}}, {"model": "admin.logentry", "pk": 117, "fields": {"action_time": "2021-12-24T02:10:10.352Z", "user": 1, "content_type": 23, "object_id": "1", "object_repr": "Taleh Məmmədli", "action_flag": 2, "change_message": "[]"}}, {"model": "admin.logentry", "pk": 118, "fields": {"action_time": "2021-12-24T02:10:39.350Z", "user": 1, "content_type": 22, "object_id": "2", "object_repr": "Tarix", "action_flag": 1, "change_message": "[{\"added\": {}}]"}}, {"model": "admin.logentry", "pk": 119, "fields": {"action_time": "2021-12-24T02:10:46.055Z", "user": 1, "content_type": 23, "object_id": "3", "object_repr": "Aytən Mirzəyeva", "action_flag": 1, "change_message": "[{\"added\": {}}]"}}, {"model": "admin.logentry", "pk": 120, "fields": {"action_time": "2021-12-24T02:11:14.489Z", "user": 1, "content_type": 22, "object_id": "3", "object_repr": "Kimya", "action_flag": 1, "change_message": "[{\"added\": {}}]"}}, {"model": "admin.logentry", "pk": 121, "fields": {"action_time": "2021-12-24T02:11:18.314Z", "user": 1, "content_type": 23, "object_id": "4", "object_repr": "Almaz Abdullayeva", "action_flag": 1, "change_message": "[{\"added\": {}}]"}}, {"model": "admin.logentry", "pk": 122, "fields": {"action_time": "2021-12-24T02:11:50.226Z", "user": 1, "content_type": 23, "object_id": "5", "object_repr": "Ramid Nəcəfov", "action_flag": 1, "change_message": "[{\"added\": {}}]"}}, {"model": "admin.logentry", "pk": 123, "fields": {"action_time": "2021-12-24T02:13:17.446Z", "user": 1, "content_type": 22, "object_id": "4", "object_repr": "Rus Dili", "action_flag": 1, "change_message": "[{\"added\": {}}]"}}, {"model": "admin.logentry", "pk": 124, "fields": {"action_time": "2021-12-24T02:13:19.021Z", "user": 1, "content_type": 23, "object_id": "1", "object_repr": "Sultan Rövşənova", "action_flag": 2, "change_message": "[{\"changed\": {\"fields\": [\"Full Name\", \"Full Name [az]\", \"Photo\", \"Subject\"]}}]"}}, {"model": "admin.logentry", "pk": 125, "fields": {"action_time": "2021-12-24T02:14:15.897Z", "user": 1, "content_type": 22, "object_id": "5", "object_repr": "İngilis Dili", "action_flag": 1, "change_message": "[{\"added\": {}}]"}}, {"model": "admin.logentry", "pk": 126, "fields": {"action_time": "2021-12-24T02:14:18.489Z", "user": 1, "content_type": 23, "object_id": "6", "object_repr": "Günel Axundova", "action_flag": 1, "change_message": "[{\"added\": {}}]"}}, {"model": "admin.logentry", "pk": 127, "fields": {"action_time": "2021-12-24T02:14:39.150Z", "user": 1, "content_type": 23, "object_id": "6", "object_repr": "Günel Axundova", "action_flag": 2, "change_message": "[{\"changed\": {\"fields\": [\"Description\"]}}]"}}, {"model": "admin.logentry", "pk": 128, "fields": {"action_time": "2021-12-24T02:15:06.914Z", "user": 1, "content_type": 23, "object_id": "6", "object_repr": "Günel Axundova", "action_flag": 2, "change_message": "[{\"changed\": {\"fields\": [\"Photo\"]}}]"}}, {"model": "admin.logentry", "pk": 129, "fields": {"action_time": "2021-12-24T02:16:47.343Z", "user": 1, "content_type": 22, "object_id": "6", "object_repr": "İqtisafiyyat", "action_flag": 1, "change_message": "[{\"added\": {}}]"}}, {"model": "admin.logentry", "pk": 130, "fields": {"action_time": "2021-12-24T02:17:10.021Z", "user": 1, "content_type": 23, "object_id": "7", "object_repr": "Rasim İsgəndərov", "action_flag": 1, "change_message": "[{\"added\": {}}]"}}, {"model": "admin.logentry", "pk": 131, "fields": {"action_time": "2021-12-24T02:18:06.583Z", "user": 1, "content_type": 22, "object_id": "7", "object_repr": "Ana Dili", "action_flag": 1, "change_message": "[{\"added\": {}}]"}}, {"model": "admin.logentry", "pk": 132, "fields": {"action_time": "2021-12-24T02:18:12.628Z", "user": 1, "content_type": 23, "object_id": "8", "object_repr": "Amalya Hüseynova", "action_flag": 1, "change_message": "[{\"added\": {}}]"}}, {"model": "admin.logentry", "pk": 133, "fields": {"action_time": "2021-12-24T02:18:55.815Z", "user": 1, "content_type": 24, "object_id": "1", "object_repr": "Metodik Turizm", "action_flag": 1, "change_message": "[{\"added\": {}}]"}}, {"model": "admin.logentry", "pk": 134, "fields": {"action_time": "2021-12-24T02:19:30.541Z", "user": 1, "content_type": 24, "object_id": "1", "object_repr": "Turizm", "action_flag": 2, "change_message": "[{\"changed\": {\"fields\": [\"Title\", \"Title [az]\"]}}]"}}, {"model": "admin.logentry", "pk": 135, "fields": {"action_time": "2021-12-24T02:19:54.057Z", "user": 1, "content_type": 24, "object_id": "2", "object_repr": "Tarix", "action_flag": 1, "change_message": "[{\"added\": {}}]"}}, {"model": "admin.logentry", "pk": 136, "fields": {"action_time": "2021-12-24T02:20:36.226Z", "user": 1, "content_type": 24, "object_id": "3", "object_repr": "Kimya", "action_flag": 1, "change_message": "[{\"added\": {}}]"}}, {"model": "admin.logentry", "pk": 137, "fields": {"action_time": "2021-12-24T02:20:51.549Z", "user": 1, "content_type": 24, "object_id": "4", "object_repr": "İngilis dili", "action_flag": 1, "change_message": "[{\"added\": {}}]"}}, {"model": "admin.logentry", "pk": 138, "fields": {"action_time": "2021-12-24T02:21:09.702Z", "user": 1, "content_type": 24, "object_id": "4", "object_repr": "İng. dili", "action_flag": 2, "change_message": "[{\"changed\": {\"fields\": [\"Title [az]\"]}}]"}}, {"model": "admin.logentry", "pk": 139, "fields": {"action_time": "2021-12-24T02:21:35.661Z", "user": 1, "content_type": 24, "object_id": "5", "object_repr": "İqtisadiyyat", "action_flag": 1, "change_message": "[{\"added\": {}}]"}}, {"model": "admin.logentry", "pk": 140, "fields": {"action_time": "2021-12-24T02:21:54.869Z", "user": 1, "content_type": 24, "object_id": "6", "object_repr": "Rus dili", "action_flag": 1, "change_message": "[{\"added\": {}}]"}}, {"model": "admin.logentry", "pk": 141, "fields": {"action_time": "2021-12-24T02:23:01.355Z", "user": 1, "content_type": 24, "object_id": "1", "object_repr": "Turizm", "action_flag": 2, "change_message": "[]"}}, {"model": "admin.logentry", "pk": 142, "fields": {"action_time": "2021-12-24T02:23:32.808Z", "user": 1, "content_type": 24, "object_id": "7", "object_repr": "Ana dili", "action_flag": 1, "change_message": "[{\"added\": {}}]"}}, {"model": "admin.logentry", "pk": 143, "fields": {"action_time": "2021-12-24T02:24:41.136Z", "user": 1, "content_type": 22, "object_id": "8", "object_repr": "İnformatika", "action_flag": 1, "change_message": "[{\"added\": {}}]"}}, {"model": "admin.logentry", "pk": 144, "fields": {"action_time": "2021-12-24T02:24:46.500Z", "user": 1, "content_type": 24, "object_id": "8", "object_repr": "İnformatika", "action_flag": 1, "change_message": "[{\"added\": {}}]"}}, {"model": "admin.logentry", "pk": 145, "fields": {"action_time": "2021-12-24T02:27:37.257Z", "user": 1, "content_type": 9, "object_id": "1", "object_repr": "Career support", "action_flag": 1, "change_message": "[{\"added\": {}}]"}}, {"model": "admin.logentry", "pk": 146, "fields": {"action_time": "2021-12-24T02:30:18.332Z", "user": 1, "content_type": 9, "object_id": "1", "object_repr": "Career support", "action_flag": 2, "change_message": "[{\"changed\": {\"fields\": [\"Description\"]}}]"}}, {"model": "admin.logentry", "pk": 147, "fields": {"action_time": "2021-12-24T02:31:57.472Z", "user": 1, "content_type": 9, "object_id": "1", "object_repr": "Career support", "action_flag": 2, "change_message": "[{\"changed\": {\"fields\": [\"Description\"]}}]"}}, {"model": "admin.logentry", "pk": 148, "fields": {"action_time": "2021-12-24T02:33:16.116Z", "user": 1, "content_type": 9, "object_id": "1", "object_repr": "Career support", "action_flag": 2, "change_message": "[{\"changed\": {\"fields\": [\"Description\"]}}]"}}, {"model": "admin.logentry", "pk": 149, "fields": {"action_time": "2021-12-24T06:19:48.819Z", "user": 1, "content_type": 16, "object_id": "14", "object_repr": "Qebele xestexanasi", "action_flag": 1, "change_message": "[{\"added\": {}}]"}}, {"model": "admin.logentry", "pk": 150, "fields": {"action_time": "2021-12-24T06:31:21.814Z", "user": 1, "content_type": 22, "object_id": "9", "object_repr": "Biologiya", "action_flag": 1, "change_message": "[{\"added\": {}}]"}}, {"model": "admin.logentry", "pk": 151, "fields": {"action_time": "2021-12-24T06:31:48.867Z", "user": 1, "content_type": 24, "object_id": "9", "object_repr": "Tarix", "action_flag": 1, "change_message": "[{\"added\": {}}]"}}, {"model": "auth.permission", "pk": 1, "fields": {"name": "Can add log entry", "content_type": 1, "codename": "add_logentry"}}, {"model": "auth.permission", "pk": 2, "fields": {"name": "Can change log entry", "content_type": 1, "codename": "change_logentry"}}, {"model": "auth.permission", "pk": 3, "fields": {"name": "Can delete log entry", "content_type": 1, "codename": "delete_logentry"}}, {"model": "auth.permission", "pk": 4, "fields": {"name": "Can view log entry", "content_type": 1, "codename": "view_logentry"}}, {"model": "auth.permission", "pk": 5, "fields": {"name": "Can add permission", "content_type": 2, "codename": "add_permission"}}, {"model": "auth.permission", "pk": 6, "fields": {"name": "Can change permission", "content_type": 2, "codename": "change_permission"}}, {"model": "auth.permission", "pk": 7, "fields": {"name": "Can delete permission", "content_type": 2, "codename": "delete_permission"}}, {"model": "auth.permission", "pk": 8, "fields": {"name": "Can view permission", "content_type": 2, "codename": "view_permission"}}, {"model": "auth.permission", "pk": 9, "fields": {"name": "Can add group", "content_type": 3, "codename": "add_group"}}, {"model": "auth.permission", "pk": 10, "fields": {"name": "Can change group", "content_type": 3, "codename": "change_group"}}, {"model": "auth.permission", "pk": 11, "fields": {"name": "Can delete group", "content_type": 3, "codename": "delete_group"}}, {"model": "auth.permission", "pk": 12, "fields": {"name": "Can view group", "content_type": 3, "codename": "view_group"}}, {"model": "auth.permission", "pk": 13, "fields": {"name": "Can add user", "content_type": 4, "codename": "add_user"}}, {"model": "auth.permission", "pk": 14, "fields": {"name": "Can change user", "content_type": 4, "codename": "change_user"}}, {"model": "auth.permission", "pk": 15, "fields": {"name": "Can delete user", "content_type": 4, "codename": "delete_user"}}, {"model": "auth.permission", "pk": 16, "fields": {"name": "Can view user", "content_type": 4, "codename": "view_user"}}, {"model": "auth.permission", "pk": 17, "fields": {"name": "Can add content type", "content_type": 5, "codename": "add_contenttype"}}, {"model": "auth.permission", "pk": 18, "fields": {"name": "Can change content type", "content_type": 5, "codename": "change_contenttype"}}, {"model": "auth.permission", "pk": 19, "fields": {"name": "Can delete content type", "content_type": 5, "codename": "delete_contenttype"}}, {"model": "auth.permission", "pk": 20, "fields": {"name": "Can view content type", "content_type": 5, "codename": "view_contenttype"}}, {"model": "auth.permission", "pk": 21, "fields": {"name": "Can add session", "content_type": 6, "codename": "add_session"}}, {"model": "auth.permission", "pk": 22, "fields": {"name": "Can change session", "content_type": 6, "codename": "change_session"}}, {"model": "auth.permission", "pk": 23, "fields": {"name": "Can delete session", "content_type": 6, "codename": "delete_session"}}, {"model": "auth.permission", "pk": 24, "fields": {"name": "Can view session", "content_type": 6, "codename": "view_session"}}, {"model": "auth.permission", "pk": 25, "fields": {"name": "Can add Haqqımızda", "content_type": 7, "codename": "add_about"}}, {"model": "auth.permission", "pk": 26, "fields": {"name": "Can change Haqqımızda", "content_type": 7, "codename": "change_about"}}, {"model": "auth.permission", "pk": 27, "fields": {"name": "Can delete Haqqımızda", "content_type": 7, "codename": "delete_about"}}, {"model": "auth.permission", "pk": 28, "fields": {"name": "Can view Haqqımızda", "content_type": 7, "codename": "view_about"}}, {"model": "auth.permission", "pk": 29, "fields": {"name": "Can add qəbul qaydaları", "content_type": 8, "codename": "add_admissionrules"}}, {"model": "auth.permission", "pk": 30, "fields": {"name": "Can change qəbul qaydaları", "content_type": 8, "codename": "change_admissionrules"}}, {"model": "auth.permission", "pk": 31, "fields": {"name": "Can delete qəbul qaydaları", "content_type": 8, "codename": "delete_admissionrules"}}, {"model": "auth.permission", "pk": 32, "fields": {"name": "Can view qəbul qaydaları", "content_type": 8, "codename": "view_admissionrules"}}, {"model": "auth.permission", "pk": 33, "fields": {"name": "Can add karyera dəstəyi", "content_type": 9, "codename": "add_careersupport"}}, {"model": "auth.permission", "pk": 34, "fields": {"name": "Can change karyera dəstəyi", "content_type": 9, "codename": "change_careersupport"}}, {"model": "auth.permission", "pk": 35, "fields": {"name": "Can delete karyera dəstəyi", "content_type": 9, "codename": "delete_careersupport"}}, {"model": "auth.permission", "pk": 36, "fields": {"name": "Can view karyera dəstəyi", "content_type": 9, "codename": "view_careersupport"}}, {"model": "auth.permission", "pk": 37, "fields": {"name": "Can add Kateqoriya", "content_type": 10, "codename": "add_category"}}, {"model": "auth.permission", "pk": 38, "fields": {"name": "Can change Kateqoriya", "content_type": 10, "codename": "change_category"}}, {"model": "auth.permission", "pk": 39, "fields": {"name": "Can delete Kateqoriya", "content_type": 10, "codename": "delete_category"}}, {"model": "auth.permission", "pk": 40, "fields": {"name": "Can view Kateqoriya", "content_type": 10, "codename": "view_category"}}, {"model": "auth.permission", "pk": 41, "fields": {"name": "Can add Yaradilma tarixi", "content_type": 11, "codename": "add_dateofcreate"}}, {"model": "auth.permission", "pk": 42, "fields": {"name": "Can change Yaradilma tarixi", "content_type": 11, "codename": "change_dateofcreate"}}, {"model": "auth.permission", "pk": 43, "fields": {"name": "Can delete Yaradilma tarixi", "content_type": 11, "codename": "delete_dateofcreate"}}, {"model": "auth.permission", "pk": 44, "fields": {"name": "Can view Yaradilma tarixi", "content_type": 11, "codename": "view_dateofcreate"}}, {"model": "auth.permission", "pk": 45, "fields": {"name": "Can add FBK", "content_type": 12, "codename": "add_faculty"}}, {"model": "auth.permission", "pk": 46, "fields": {"name": "Can change FBK", "content_type": 12, "codename": "change_faculty"}}, {"model": "auth.permission", "pk": 47, "fields": {"name": "Can delete FBK", "content_type": 12, "codename": "delete_faculty"}}, {"model": "auth.permission", "pk": 48, "fields": {"name": "Can view FBK", "content_type": 12, "codename": "view_faculty"}}, {"model": "auth.permission", "pk": 49, "fields": {"name": "Can add Gallery", "content_type": 13, "codename": "add_gallery"}}, {"model": "auth.permission", "pk": 50, "fields": {"name": "Can change Gallery", "content_type": 13, "codename": "change_gallery"}}, {"model": "auth.permission", "pk": 51, "fields": {"name": "Can delete Gallery", "content_type": 13, "codename": "delete_gallery"}}, {"model": "auth.permission", "pk": 52, "fields": {"name": "Can view Gallery", "content_type": 13, "codename": "view_gallery"}}, {"model": "auth.permission", "pk": 53, "fields": {"name": "Can add Practic", "content_type": 14, "codename": "add_practic"}}, {"model": "auth.permission", "pk": 54, "fields": {"name": "Can change Practic", "content_type": 14, "codename": "change_practic"}}, {"model": "auth.permission", "pk": 55, "fields": {"name": "Can delete Practic", "content_type": 14, "codename": "delete_practic"}}, {"model": "auth.permission", "pk": 56, "fields": {"name": "Can view Practic", "content_type": 14, "codename": "view_practic"}}, {"model": "auth.permission", "pk": 57, "fields": {"name": "Can add Abunəçi", "content_type": 15, "codename": "add_subscriber"}}, {"model": "auth.permission", "pk": 58, "fields": {"name": "Can change Abunəçi", "content_type": 15, "codename": "change_subscriber"}}, {"model": "auth.permission", "pk": 59, "fields": {"name": "Can delete Abunəçi", "content_type": 15, "codename": "delete_subscriber"}}, {"model": "auth.permission", "pk": 60, "fields": {"name": "Can view Abunəçi", "content_type": 15, "codename": "view_subscriber"}}, {"model": "auth.permission", "pk": 61, "fields": {"name": "Can add Ixtisas", "content_type": 16, "codename": "add_specialty"}}, {"model": "auth.permission", "pk": 62, "fields": {"name": "Can change Ixtisas", "content_type": 16, "codename": "change_specialty"}}, {"model": "auth.permission", "pk": 63, "fields": {"name": "Can delete Ixtisas", "content_type": 16, "codename": "delete_specialty"}}, {"model": "auth.permission", "pk": 64, "fields": {"name": "Can view Ixtisas", "content_type": 16, "codename": "view_specialty"}}, {"model": "auth.permission", "pk": 65, "fields": {"name": "Can add PracticPlace", "content_type": 17, "codename": "add_practicplace"}}, {"model": "auth.permission", "pk": 66, "fields": {"name": "Can change PracticPlace", "content_type": 17, "codename": "change_practicplace"}}, {"model": "auth.permission", "pk": 67, "fields": {"name": "Can delete PracticPlace", "content_type": 17, "codename": "delete_practicplace"}}, {"model": "auth.permission", "pk": 68, "fields": {"name": "Can view PracticPlace", "content_type": 17, "codename": "view_practicplace"}}, {"model": "auth.permission", "pk": 69, "fields": {"name": "Can add Xəbər", "content_type": 18, "codename": "add_news"}}, {"model": "auth.permission", "pk": 70, "fields": {"name": "Can change Xəbər", "content_type": 18, "codename": "change_news"}}, {"model": "auth.permission", "pk": 71, "fields": {"name": "Can delete Xəbər", "content_type": 18, "codename": "delete_news"}}, {"model": "auth.permission", "pk": 72, "fields": {"name": "Can view Xəbər", "content_type": 18, "codename": "view_news"}}, {"model": "auth.permission", "pk": 73, "fields": {"name": "Can add Event", "content_type": 19, "codename": "add_event"}}, {"model": "auth.permission", "pk": 74, "fields": {"name": "Can change Event", "content_type": 19, "codename": "change_event"}}, {"model": "auth.permission", "pk": 75, "fields": {"name": "Can delete Event", "content_type": 19, "codename": "delete_event"}}, {"model": "auth.permission", "pk": 76, "fields": {"name": "Can view Event", "content_type": 19, "codename": "view_event"}}, {"model": "auth.permission", "pk": 77, "fields": {"name": "Can add Sual", "content_type": 20, "codename": "add_mostquestions"}}, {"model": "auth.permission", "pk": 78, "fields": {"name": "Can change Sual", "content_type": 20, "codename": "change_mostquestions"}}, {"model": "auth.permission", "pk": 79, "fields": {"name": "Can delete Sual", "content_type": 20, "codename": "delete_mostquestions"}}, {"model": "auth.permission", "pk": 80, "fields": {"name": "Can view Sual", "content_type": 20, "codename": "view_mostquestions"}}, {"model": "auth.permission", "pk": 81, "fields": {"name": "Can add Library FAQ", "content_type": 21, "codename": "add_libraryfaq"}}, {"model": "auth.permission", "pk": 82, "fields": {"name": "Can change Library FAQ", "content_type": 21, "codename": "change_libraryfaq"}}, {"model": "auth.permission", "pk": 83, "fields": {"name": "Can delete Library FAQ", "content_type": 21, "codename": "delete_libraryfaq"}}, {"model": "auth.permission", "pk": 84, "fields": {"name": "Can view Library FAQ", "content_type": 21, "codename": "view_libraryfaq"}}, {"model": "auth.permission", "pk": 85, "fields": {"name": "Can add Fənn", "content_type": 22, "codename": "add_subject"}}, {"model": "auth.permission", "pk": 86, "fields": {"name": "Can change Fənn", "content_type": 22, "codename": "change_subject"}}, {"model": "auth.permission", "pk": 87, "fields": {"name": "Can delete Fənn", "content_type": 22, "codename": "delete_subject"}}, {"model": "auth.permission", "pk": 88, "fields": {"name": "Can view Fənn", "content_type": 22, "codename": "view_subject"}}, {"model": "auth.permission", "pk": 89, "fields": {"name": "Can add Müəllim", "content_type": 23, "codename": "add_teacher"}}, {"model": "auth.permission", "pk": 90, "fields": {"name": "Can change Müəllim", "content_type": 23, "codename": "change_teacher"}}, {"model": "auth.permission", "pk": 91, "fields": {"name": "Can delete Müəllim", "content_type": 23, "codename": "delete_teacher"}}, {"model": "auth.permission", "pk": 92, "fields": {"name": "Can view Müəllim", "content_type": 23, "codename": "view_teacher"}}, {"model": "auth.permission", "pk": 93, "fields": {"name": "Can add PDF", "content_type": 24, "codename": "add_pdf"}}, {"model": "auth.permission", "pk": 94, "fields": {"name": "Can change PDF", "content_type": 24, "codename": "change_pdf"}}, {"model": "auth.permission", "pk": 95, "fields": {"name": "Can delete PDF", "content_type": 24, "codename": "delete_pdf"}}, {"model": "auth.permission", "pk": 96, "fields": {"name": "Can view PDF", "content_type": 24, "codename": "view_pdf"}}, {"model": "auth.user", "pk": 1, "fields": {"password": "pbkdf2_sha256$260000$xgCWqppSbVEpklkcUMKhCz$anE/DR+umr8axdrPHiyproHyw/uav4hI2ghuBBc+BAU=", "last_login": "2021-12-23T23:21:19.189Z", "is_superuser": true, "username": "admin", "first_name": "", "last_name": "", "email": "admin@admin.gmail.com", "is_staff": true, "is_active": true, "date_joined": "2021-12-23T23:20:31.843Z", "groups": [], "user_permissions": []}}, {"model": "contenttypes.contenttype", "pk": 1, "fields": {"app_label": "admin", "model": "logentry"}}, {"model": "contenttypes.contenttype", "pk": 2, "fields": {"app_label": "auth", "model": "permission"}}, {"model": "contenttypes.contenttype", "pk": 3, "fields": {"app_label": "auth", "model": "group"}}, {"model": "contenttypes.contenttype", "pk": 4, "fields": {"app_label": "auth", "model": "user"}}, {"model": "contenttypes.contenttype", "pk": 5, "fields": {"app_label": "contenttypes", "model": "contenttype"}}, {"model": "contenttypes.contenttype", "pk": 6, "fields": {"app_label": "sessions", "model": "session"}}, {"model": "contenttypes.contenttype", "pk": 7, "fields": {"app_label": "about", "model": "about"}}, {"model": "contenttypes.contenttype", "pk": 8, "fields": {"app_label": "about", "model": "admissionrules"}}, {"model": "contenttypes.contenttype", "pk": 9, "fields": {"app_label": "about", "model": "careersupport"}}, {"model": "contenttypes.contenttype", "pk": 10, "fields": {"app_label": "about", "model": "category"}}, {"model": "contenttypes.contenttype", "pk": 11, "fields": {"app_label": "about", "model": "dateofcreate"}}, {"model": "contenttypes.contenttype", "pk": 12, "fields": {"app_label": "about", "model": "faculty"}}, {"model": "contenttypes.contenttype", "pk": 13, "fields": {"app_label": "about", "model": "gallery"}}, {"model": "contenttypes.contenttype", "pk": 14, "fields": {"app_label": "about", "model": "practic"}}, {"model": "contenttypes.contenttype", "pk": 15, "fields": {"app_label": "about", "model": "subscriber"}}, {"model": "contenttypes.contenttype", "pk": 16, "fields": {"app_label": "about", "model": "specialty"}}, {"model": "contenttypes.contenttype", "pk": 17, "fields": {"app_label": "about", "model": "practicplace"}}, {"model": "contenttypes.contenttype", "pk": 18, "fields": {"app_label": "about", "model": "news"}}, {"model": "contenttypes.contenttype", "pk": 19, "fields": {"app_label": "about", "model": "event"}}, {"model": "contenttypes.contenttype", "pk": 20, "fields": {"app_label": "core", "model": "mostquestions"}}, {"model": "contenttypes.contenttype", "pk": 21, "fields": {"app_label": "staff", "model": "libraryfaq"}}, {"model": "contenttypes.contenttype", "pk": 22, "fields": {"app_label": "staff", "model": "subject"}}, {"model": "contenttypes.contenttype", "pk": 23, "fields": {"app_label": "staff", "model": "teacher"}}, {"model": "contenttypes.contenttype", "pk": 24, "fields": {"app_label": "staff", "model": "pdf"}}, {"model": "sessions.session", "pk": "o2da2vbtygkeb5s2il7yl3mldn7rb6mg", "fields": {"session_data": ".eJxVjDsOwjAQRO_iGlnexPbGlPQ5g7XrDw4gR4qTCnF3EikFNFPMezNv4Wlbi99aWvwUxVWAuPx2TOGZ6gHig-p9lmGu6zKxPBR50ibHOabX7XT_Dgq1sq8H5RJAh4OJoHprSSMHAqXRsEHWgEo73JN1xL4LLmeVAwLFZCEkFp8vqyc3NA:1n0XOh:Y7ftIM1xAQiWse_nAsxCLZV9liScc1opnhTjenDSs5I", "expire_date": "2022-01-06T23:21:19.192Z"}}, {"model": "about.news", "pk": 1, "fields": {"created_at": "2021-12-24", "updated_at": "2021-12-24", "title": "Qazilərlə görüş", "title_en": null, "title_az": "Qazilərlə görüş", "title_ru": null, "description": "<p>Qazilərlə g&ouml;r&uuml;ş Qazilərlə g&ouml;r&uuml; şThe incident prompted an internal investigation, and the names of the LAPD officers involved are being&nbsp;France as&nbsp; that had&nbsp;LAPD officers involved are being&nbsp;France as&nbsp; that had&nbsp;Qazilərlə g&ouml;r&uuml;ş&nbsp;Qazilərlə g&ouml;r&uuml;ş</p>", "description_en": null, "description_az": "<p>Qazilərlə g&ouml;r&uuml;ş Qazilərlə g&ouml;r&uuml; şThe incident prompted an internal investigation, and the names of the LAPD officers involved are being&nbsp;France as&nbsp; that had&nbsp;LAPD officers involved are being&nbsp;France as&nbsp; that had&nbsp;Qazilərlə g&ouml;r&uuml;ş&nbsp;Qazilərlə g&ouml;r&uuml;ş</p>", "description_ru": null, "category": 2, "image": "news/event2.jpeg"}}, {"model": "about.news", "pk": 2, "fields": {"created_at": "2021-12-24", "updated_at": "2021-12-24", "title": "Zəfər günü", "title_en": null, "title_az": "Zəfər günü", "title_ru": null, "description": "<p>The incident prompted an internal investigation, and the names of the LAPD officers involved are being&nbsp;France as&nbsp; that had&nbsp;LAPD officers involved are being&nbsp;France as&nbsp; that had</p>", "description_en": null, "description_az": "<p>The incident prompted an internal investigation, and the names of the LAPD officers involved are being&nbsp;France as&nbsp; that had&nbsp;LAPD officers involved are being&nbsp;France as&nbsp; that had</p>", "description_ru": null, "category": 1, "image": "news/flagmain_nx4GVaY.jpg"}}, {"model": "about.news", "pk": 3, "fields": {"created_at": "2021-12-24", "updated_at": "2021-12-24", "title": "Ulu Öndər Heydər Əliyevin anım günü", "title_en": null, "title_az": "Ulu Öndər Heydər Əliyevin anım günü", "title_ru": null, "description": "<p>The incident prompted an internal investigation, and the names of the LAPD officers involved are being&nbsp;France as&nbsp; that had&nbsp;LAPD officers involved are being&nbsp;France&nbsp;</p>", "description_en": null, "description_az": "<p>The incident prompted an internal investigation, and the names of the LAPD officers involved are being&nbsp;France as&nbsp; that had&nbsp;LAPD officers involved are being&nbsp;France&nbsp;</p>", "description_ru": null, "category": 2, "image": "news/uluonder.jpeg"}}, {"model": "about.category", "pk": 1, "fields": {"created_at": "2021-12-24", "updated_at": "2021-12-24", "title": "Təhsil", "title_en": null, "title_az": "Təhsil", "title_ru": null}}, {"model": "about.category", "pk": 2, "fields": {"created_at": "2021-12-24", "updated_at": "2021-12-24", "title": "Digər", "title_en": null, "title_az": "Digər", "title_ru": null}}, {"model": "about.faculty", "pk": 1, "fields": {"created_at": "2021-12-24", "updated_at": "2021-12-24", "title": "Humanitar fənnlər", "title_en": null, "title_az": "Humanitar fənnlər", "title_ru": null, "description": "<p>Lorem ipsum dolor sit, amet consectetur adipisicing elit. Quaerat vitae porro eaque. Nam, magnam adipisci? Illo ab aperiam accusantium eaque ipsum. Earum minus saepe quis inventore accusamus eveniet alias quibusdam?Lorem ipsum dolor sit, amet consectetur adipisicing elit. Quaerat vitae porro eaque. Nam, magnam adipisci? Illo ab aperiam accusantium eaque ipsum. Earum minus saepe quis inventore accusamus eveniet alias quibusdam?</p>", "description_en": null, "description_az": "<p>Lorem ipsum dolor sit, amet consectetur adipisicing elit. Quaerat vitae porro eaque. Nam, magnam adipisci? Illo ab aperiam accusantium eaque ipsum. Earum minus saepe quis inventore accusamus eveniet alias quibusdam?Lorem ipsum dolor sit, amet consectetur adipisicing elit. Quaerat vitae porro eaque. Nam, magnam adipisci? Illo ab aperiam accusantium eaque ipsum. Earum minus saepe quis inventore accusamus eveniet alias quibusdam?</p>", "description_ru": null, "image": "faculty/riyaz_PL9npdW.png"}}, {"model": "about.faculty", "pk": 2, "fields": {"created_at": "2021-12-24", "updated_at": "2021-12-24", "title": "Riyaziyyat-İnformatika", "title_en": null, "title_az": "Riyaziyyat-İnformatika", "title_ru": null, "description": "<p>Lorem ipsum dolor sit, amet consectetur adipisicing elit. Quaerat vitae porro eaque. Nam, magnam adipisci? Illo ab aperiam accusantium eaque ipsum. Earum minus saepe quis inventore accusamus eveniet alias quibusdam?Lorem ipsum dolor sit, amet consectetur adipisicing elit. Quaerat vitae porro eaque. Nam, magnam adipisci? Illo ab aperiam accusantium eaque ipsum. Earum minus saepe quis inventore accusamus eveniet alias quibusdam?</p>", "description_en": null, "description_az": "<p>Lorem ipsum dolor sit, amet consectetur adipisicing elit. Quaerat vitae porro eaque. Nam, magnam adipisci? Illo ab aperiam accusantium eaque ipsum. Earum minus saepe quis inventore accusamus eveniet alias quibusdam?Lorem ipsum dolor sit, amet consectetur adipisicing elit. Quaerat vitae porro eaque. Nam, magnam adipisci? Illo ab aperiam accusantium eaque ipsum. Earum minus saepe quis inventore accusamus eveniet alias quibusdam?</p>", "description_ru": null, "image": "faculty/riyaz_WJ3GJgw.png"}}, {"model": "about.faculty", "pk": 3, "fields": {"created_at": "2021-12-24", "updated_at": "2021-12-24", "title": "Sosial-İqtisadi", "title_en": null, "title_az": "Sosial-İqtisadi", "title_ru": null, "description": "<p>Lorem ipsum dolor sit, amet consectetur adipisicing elit. Quaerat vitae porro eaque. Nam, magnam adipisci? Illo ab aperiam accusantium eaque ipsum. Earum minus saepe quis inventore accusamus eveniet alias quibusdam?Lorem ipsum dolor sit, amet consectetur adipisicing elit. Quaerat vitae porro eaque. Nam, magnam adipisci? Illo ab aperiam accusantium eaque ipsum. Earum minus saepe quis inventore accusamus eveniet alias quibusdam?</p>", "description_en": null, "description_az": "<p>Lorem ipsum dolor sit, amet consectetur adipisicing elit. Quaerat vitae porro eaque. Nam, magnam adipisci? Illo ab aperiam accusantium eaque ipsum. Earum minus saepe quis inventore accusamus eveniet alias quibusdam?Lorem ipsum dolor sit, amet consectetur adipisicing elit. Quaerat vitae porro eaque. Nam, magnam adipisci? Illo ab aperiam accusantium eaque ipsum. Earum minus saepe quis inventore accusamus eveniet alias quibusdam?</p>", "description_ru": null, "image": "faculty/riyaz_KiAngGm.png"}}, {"model": "about.faculty", "pk": 4, "fields": {"created_at": "2021-12-24", "updated_at": "2021-12-24", "title": "Aqrar Texnologiyalar", "title_en": null, "title_az": "Aqrar Texnologiyalar", "title_ru": null, "description": "<p>Lorem ipsum dolor sit, amet consectetur adipisicing elit. Quaerat vitae porro eaque. Nam, magnam adipisci? Illo ab aperiam accusantium eaque ipsum. Earum minus saepe quis inventore accusamus eveniet alias quibusdam?Lorem ipsum dolor sit, amet consectetur adipisicing elit. Quaerat vitae porro eaque. Nam, magnam adipisci? Illo ab aperiam accusantium eaque ipsum. Earum minus saepe quis inventore accusamus eveniet alias quibusdam?</p>", "description_en": null, "description_az": "<p>Lorem ipsum dolor sit, amet consectetur adipisicing elit. Quaerat vitae porro eaque. Nam, magnam adipisci? Illo ab aperiam accusantium eaque ipsum. Earum minus saepe quis inventore accusamus eveniet alias quibusdam?Lorem ipsum dolor sit, amet consectetur adipisicing elit. Quaerat vitae porro eaque. Nam, magnam adipisci? Illo ab aperiam accusantium eaque ipsum. Earum minus saepe quis inventore accusamus eveniet alias quibusdam?</p>", "description_ru": null, "image": "faculty/riyaz_1epkzGp.png"}}, {"model": "about.faculty", "pk": 5, "fields": {"created_at": "2021-12-24", "updated_at": "2021-12-24", "title": "Qida məhsulları", "title_en": null, "title_az": "Qida məhsulları", "title_ru": null, "description": "<p>Lorem ipsum dolor sit, amet consectetur adipisicing elit. Quaerat vitae porro eaque. Nam, magnam adipisci? Illo ab aperiam accusantium eaque ipsum. Earum minus saepe quis inventore accusamus eveniet alias quibusdam?Lorem ipsum dolor sit, amet consectetur adipisicing elit. Quaerat vitae porro eaque. Nam, magnam adipisci? Illo ab aperiam accusantium eaque ipsum. Earum minus saepe quis inventore accusamus eveniet alias quibusdam?</p>", "description_en": null, "description_az": "<p>Lorem ipsum dolor sit, amet consectetur adipisicing elit. Quaerat vitae porro eaque. Nam, magnam adipisci? Illo ab aperiam accusantium eaque ipsum. Earum minus saepe quis inventore accusamus eveniet alias quibusdam?Lorem ipsum dolor sit, amet consectetur adipisicing elit. Quaerat vitae porro eaque. Nam, magnam adipisci? Illo ab aperiam accusantium eaque ipsum. Earum minus saepe quis inventore accusamus eveniet alias quibusdam?</p>", "description_ru": null, "image": "faculty/riyaz_qvvYrdo.png"}}, {"model": "about.faculty", "pk": 6, "fields": {"created_at": "2021-12-24", "updated_at": "2021-12-24", "title": "Tibb və təbiət", "title_en": null, "title_az": "Tibb və təbiət", "title_ru": null, "description": "<p>Lorem ipsum dolor sit, amet consectetur adipisicing elit. Quaerat vitae porro eaque. Nam, magnam adipisci? Illo ab aperiam accusantium eaque ipsum. Earum minus saepe quis inventore accusamus eveniet alias quibusdam?Lorem ipsum dolor sit, amet consectetur adipisicing elit. Quaerat vitae porro eaque. Nam, magnam adipisci? Illo ab aperiam accusantium eaque ipsum. Earum minus saepe quis inventore accusamus eveniet alias quibusdam?</p>", "description_en": null, "description_az": "<p>Lorem ipsum dolor sit, amet consectetur adipisicing elit. Quaerat vitae porro eaque. Nam, magnam adipisci? Illo ab aperiam accusantium eaque ipsum. Earum minus saepe quis inventore accusamus eveniet alias quibusdam?Lorem ipsum dolor sit, amet consectetur adipisicing elit. Quaerat vitae porro eaque. Nam, magnam adipisci? Illo ab aperiam accusantium eaque ipsum. Earum minus saepe quis inventore accusamus eveniet alias quibusdam?</p>", "description_ru": null, "image": "faculty/riyaz_ctVQWVC.png"}}, {"model": "about.faculty", "pk": 7, "fields": {"created_at": "2021-12-24", "updated_at": "2021-12-24", "title": "Turizm", "title_en": null, "title_az": "Turizm", "title_ru": null, "description": "<p>Lorem ipsum dolor sit, amet consectetur adipisicing elit. Quaerat vitae porro eaque. Nam, magnam adipisci? Illo ab aperiam accusantium eaque ipsum. Earum minus saepe quis inventore accusamus eveniet alias quibusdam?Lorem ipsum dolor sit, amet consectetur adipisicing elit. Quaerat vitae porro eaque. Nam, magnam adipisci? Illo ab aperiam accusantium eaque ipsum. Earum minus saepe quis inventore accusamus eveniet alias quibusdam?</p>", "description_en": null, "description_az": "<p>Lorem ipsum dolor sit, amet consectetur adipisicing elit. Quaerat vitae porro eaque. Nam, magnam adipisci? Illo ab aperiam accusantium eaque ipsum. Earum minus saepe quis inventore accusamus eveniet alias quibusdam?Lorem ipsum dolor sit, amet consectetur adipisicing elit. Quaerat vitae porro eaque. Nam, magnam adipisci? Illo ab aperiam accusantium eaque ipsum. Earum minus saepe quis inventore accusamus eveniet alias quibusdam?</p>", "description_ru": null, "image": "faculty/riyaz_sBg1MlP.png"}}, {"model": "about.faculty", "pk": 8, "fields": {"created_at": "2021-12-24", "updated_at": "2021-12-24", "title": "Ümumtəhsil və idman", "title_en": null, "title_az": "Ümumtəhsil və idman", "title_ru": null, "description": "<p>Lorem ipsum dolor sit, amet consectetur adipisicing elit. Quaerat vitae porro eaque. Nam, magnam adipisci? Illo ab aperiam accusantium eaque ipsum. Earum minus saepe quis inventore accusamus eveniet alias quibusdam?Lorem ipsum dolor sit, amet consectetur adipisicing elit. Quaerat vitae porro eaque. Nam, magnam adipisci? Illo ab aperiam accusantium eaque ipsum. Earum minus saepe quis inventore accusamus eveniet alias quibusdam?</p>", "description_en": null, "description_az": "<p>Lorem ipsum dolor sit, amet consectetur adipisicing elit. Quaerat vitae porro eaque. Nam, magnam adipisci? Illo ab aperiam accusantium eaque ipsum. Earum minus saepe quis inventore accusamus eveniet alias quibusdam?Lorem ipsum dolor sit, amet consectetur adipisicing elit. Quaerat vitae porro eaque. Nam, magnam adipisci? Illo ab aperiam accusantium eaque ipsum. Earum minus saepe quis inventore accusamus eveniet alias quibusdam?</p>", "description_ru": null, "image": "faculty/riyaz_92yaQTd.png"}}, {"model": "about.specialty", "pk": 1, "fields": {"created_at": "2021-12-24", "updated_at": "2021-12-24", "title": "Baytarlıq", "title_en": null, "title_az": "Baytarlıq", "title_ru": null, "description": "<p>The incident prompted an internal investigation, and the names of the LAPD officers involved are being withheld.Moore and Marino were in been organized so the top cops could meetbeing withheld. Moore and Marino were in been France as part of a weeklong trip that had</p>", "description_en": null, "description_az": "<p>The incident prompted an internal investigation, and the names of the LAPD officers involved are being withheld.Moore and Marino were in been organized so the top cops could meetbeing withheld. Moore and Marino were in been France as part of a weeklong trip that had</p>", "description_ru": null, "image_icon": "specialty/fram_icon.jpg", "faculty": 4}}, {"model": "about.specialty", "pk": 2, "fields": {"created_at": "2021-12-24", "updated_at": "2021-12-24", "title": "Zootexniklik", "title_en": null, "title_az": "Zootexniklik", "title_ru": null, "description": "<p>The incident prompted an internal investigation, and the names of the LAPD officers involved are being withheld.Moore and Marino were in been organized so the top cops could meetbeing withheld. Moore and Marino were in been France as part of a weeklong trip that had</p>", "description_en": null, "description_az": "<p>The incident prompted an internal investigation, and the names of the LAPD officers involved are being withheld.Moore and Marino were in been organized so the top cops could meetbeing withheld. Moore and Marino were in been France as part of a weeklong trip that had</p>", "description_ru": null, "image_icon": "specialty/fram_icon_HPHKoZ1.jpg", "faculty": 4}}, {"model": "about.specialty", "pk": 3, "fields": {"created_at": "2021-12-24", "updated_at": "2021-12-24", "title": "Meşə və Park", "title_en": null, "title_az": "Meşə və Park", "title_ru": null, "description": "<p>The incident prompted an internal investigation, and the names of the LAPD officers involved are being withheld.Moore and Marino were in been organized so the top cops could meetbeing withheld. Moore and Marino were in been France as part of a weeklong trip that had</p>", "description_en": null, "description_az": "<p>The incident prompted an internal investigation, and the names of the LAPD officers involved are being withheld.Moore and Marino were in been organized so the top cops could meetbeing withheld. Moore and Marino were in been France as part of a weeklong trip that had</p>", "description_ru": null, "image_icon": "specialty/fram_icon_DwkdChr.jpg", "faculty": 4}}, {"model": "about.specialty", "pk": 4, "fields": {"created_at": "2021-12-24", "updated_at": "2021-12-24", "title": "Aqranomluq", "title_en": null, "title_az": "Aqranomluq", "title_ru": null, "description": "<p>The incident prompted an internal investigation, and the names of the LAPD officers involved are being withheld.Moore and Marino were in been organized so the top cops could meetbeing withheld. Moore and Marino were in been France as part of a weeklong trip that had</p>", "description_en": null, "description_az": "<p>The incident prompted an internal investigation, and the names of the LAPD officers involved are being withheld.Moore and Marino were in been organized so the top cops could meetbeing withheld. Moore and Marino were in been France as part of a weeklong trip that had</p>", "description_ru": null, "image_icon": "specialty/fram_icon_llnvoy8.jpg", "faculty": 4}}, {"model": "about.specialty", "pk": 5, "fields": {"created_at": "2021-12-24", "updated_at": "2021-12-24", "title": "Süd və süd məhsulları", "title_en": null, "title_az": "Süd və süd məhsulları", "title_ru": null, "description": "<p>The incident prompted an internal investigation, and the names of the LAPD officers involved are being withheld.Moore and Marino were in been organized so the top cops could meetbeing withheld. Moore and Marino were in been France as part of a weeklong trip that had</p>", "description_en": null, "description_az": "<p>The incident prompted an internal investigation, and the names of the LAPD officers involved are being withheld.Moore and Marino were in been organized so the top cops could meetbeing withheld. Moore and Marino were in been France as part of a weeklong trip that had</p>", "description_ru": null, "image_icon": "specialty/fram_icon_PIjEJeK.jpg", "faculty": 5}}, {"model": "about.specialty", "pk": 6, "fields": {"created_at": "2021-12-24", "updated_at": "2021-12-24", "title": "Şərabçılıq və qıcqırtma məhsulları texnologiyası", "title_en": null, "title_az": "Şərabçılıq və qıcqırtma məhsulları texnologiyası", "title_ru": null, "description": "<p>The incident prompted an internal investigation, and the names of the LAPD officers involved are being withheld.Moore and Marino were in been organized so the top cops could meetbeing withheld. Moore and Marino were in been France as part of a weeklong trip that had</p>", "description_en": null, "description_az": "<p>The incident prompted an internal investigation, and the names of the LAPD officers involved are being withheld.Moore and Marino were in been organized so the top cops could meetbeing withheld. Moore and Marino were in been France as part of a weeklong trip that had</p>", "description_ru": null, "image_icon": "specialty/fram_icon_PzabEy3.jpg", "faculty": 5}}, {"model": "about.specialty", "pk": 7, "fields": {"created_at": "2021-12-24", "updated_at": "2021-12-24", "title": "Qida məhsullarının təhlükəsizliyi", "title_en": null, "title_az": "Qida məhsullarının təhlükəsizliyi", "title_ru": null, "description": "<p>The incident prompted an internal investigation, and the names of the LAPD officers involved are being withheld.Moore and Marino were in been organized so the top cops could meetbeing withheld. Moore and Marino were in been France as part of a weeklong trip that had</p>", "description_en": null, "description_az": "<p>The incident prompted an internal investigation, and the names of the LAPD officers involved are being withheld.Moore and Marino were in been organized so the top cops could meetbeing withheld. Moore and Marino were in been France as part of a weeklong trip that had</p>", "description_ru": null, "image_icon": "specialty/fram_icon_CUdoDzk.jpg", "faculty": 5}}, {"model": "about.specialty", "pk": 8, "fields": {"created_at": "2021-12-24", "updated_at": "2021-12-24", "title": "Çörək və un qənnadı məhsulları", "title_en": null, "title_az": "Çörək və un qənnadı məhsulları", "title_ru": null, "description": "<p>The incident prompted an internal investigation, and the names of the LAPD officers involved are being withheld.Moore and Marino were in been organized so the top cops could meetbeing withheld. Moore and Marino were in been France as part of a weeklong trip that had</p>", "description_en": null, "description_az": "<p>The incident prompted an internal investigation, and the names of the LAPD officers involved are being withheld.Moore and Marino were in been organized so the top cops could meetbeing withheld. Moore and Marino were in been France as part of a weeklong trip that had</p>", "description_ru": null, "image_icon": "specialty/fram_icon_EhGhr8Z.jpg", "faculty": 5}}, {"model": "about.specialty", "pk": 9, "fields": {"created_at": "2021-12-24", "updated_at": "2021-12-24", "title": "Turizm işinin təşkili", "title_en": null, "title_az": "Turizm işinin təşkili", "title_ru": null, "description": "<p>The incident prompted an internal investigation, and the names of the LAPD officers involved are being withheld.Moore and Marino were in been organized so the top cops could meetbeing withheld. Moore and Marino were in been France as part of a weeklong trip that had</p>", "description_en": null, "description_az": "<p>The incident prompted an internal investigation, and the names of the LAPD officers involved are being withheld.Moore and Marino were in been organized so the top cops could meetbeing withheld. Moore and Marino were in been France as part of a weeklong trip that had</p>", "description_ru": null, "image_icon": "specialty/fram_icon_fShKyWw.jpg", "faculty": 7}}, {"model": "about.specialty", "pk": 10, "fields": {"created_at": "2021-12-24", "updated_at": "2021-12-24", "title": "Mehmanxana Təsərrüfatının Təşkili və İdarə edilməsi", "title_en": null, "title_az": "Mehmanxana Təsərrüfatının Təşkili və İdarə edilməsi", "title_ru": null, "description": "<p>The incident prompted an internal investigation, and the names of the LAPD officers involved are being withheld.Moore and Marino were in been organized so the top cops could meetbeing withheld. Moore and Marino were in been France as part of a weeklong trip that had</p>", "description_en": null, "description_az": "<p>The incident prompted an internal investigation, and the names of the LAPD officers involved are being withheld.Moore and Marino were in been organized so the top cops could meetbeing withheld. Moore and Marino were in been France as part of a weeklong trip that had</p>", "description_ru": null, "image_icon": "specialty/fram_icon_uJPsDHN.jpg", "faculty": 7}}, {"model": "about.specialty", "pk": 11, "fields": {"created_at": "2021-12-24", "updated_at": "2021-12-24", "title": "Məktəbə qədər təhsil", "title_en": null, "title_az": "Məktəbə qədər təhsil", "title_ru": null, "description": "<p>The incident prompted an internal investigation, and the names of the LAPD officers involved are being withheld.Moore and Marino were in been organized so the top cops could meetbeing withheld. Moore and Marino were in been France as part of a weeklong trip that had</p>", "description_en": null, "description_az": "<p>The incident prompted an internal investigation, and the names of the LAPD officers involved are being withheld.Moore and Marino were in been organized so the top cops could meetbeing withheld. Moore and Marino were in been France as part of a weeklong trip that had</p>", "description_ru": null, "image_icon": "specialty/fram_icon_uyrqBdb.jpg", "faculty": 1}}, {"model": "about.specialty", "pk": 12, "fields": {"created_at": "2021-12-24", "updated_at": "2021-12-24", "title": "Kompyuter sistemlərində proqram təminatı", "title_en": null, "title_az": "Kompyuter sistemlərində proqram təminatı", "title_ru": null, "description": "<p>The incident prompted an internal investigation, and the names of the LAPD officers involved are being withheld.Moore and Marino were in been organized so the top cops could meetbeing withheld. Moore and Marino were in been France as part of a weeklong trip that had</p>", "description_en": null, "description_az": "<p>The incident prompted an internal investigation, and the names of the LAPD officers involved are being withheld.Moore and Marino were in been organized so the top cops could meetbeing withheld. Moore and Marino were in been France as part of a weeklong trip that had</p>", "description_ru": null, "image_icon": "specialty/fram_icon_GHGeFb1.jpg", "faculty": 2}}, {"model": "about.specialty", "pk": 13, "fields": {"created_at": "2021-12-24", "updated_at": "2021-12-24", "title": "Mühasibat uçotu", "title_en": null, "title_az": "Mühasibat uçotu", "title_ru": null, "description": "<p>The incident prompted an internal investigation, and the names of the LAPD officers involved are being withheld.Moore and Marino were in been organized so the top cops could meetbeing withheld. Moore and Marino were in been France as part of a weeklong trip that had</p>", "description_en": null, "description_az": "<p>The incident prompted an internal investigation, and the names of the LAPD officers involved are being withheld.Moore and Marino were in been organized so the top cops could meetbeing withheld. Moore and Marino were in been France as part of a weeklong trip that had</p>", "description_ru": null, "image_icon": "specialty/fram_icon_pVaOtsO.jpg", "faculty": 3}}, {"model": "about.specialty", "pk": 14, "fields": {"created_at": "2021-12-24", "updated_at": "2021-12-24", "title": "Qebele xestexanasi", "title_en": null, "title_az": "Qebele xestexanasi", "title_ru": null, "description": "<p>getrvfwhubdjniweuifbwenfuj wefijweubfg wejfgiewobfg ewjfgjewk</p>", "description_en": null, "description_az": "<p>getrvfwhubdjniweuifbwenfuj wefijweubfg wejfgiewobfg ewjfgjewk</p>", "description_ru": null, "image_icon": "specialty/dr_img_s6bqEfO.png", "faculty": 6}}, {"model": "about.admissionrules", "pk": 1, "fields": {"created_at": "2021-12-24", "updated_at": "2021-12-24", "total_rules": "<p>&Uuml;mumi... The incident prompted an internal investigation, and the names of the LAPD officers involved are being withheld.Moore and Marino were in been organized so the top cops could meetbeing withheld. Moore and Marino were in been France as part of a weeklong trip that hadThe incident prompted an internal investigation, and the names of the LAPD officers involved are being withheld.Moore and Marino were in been organized so the top cops could meetbeing withheld. Moore and Marino were in been France as part of a weeklong trip that hadThe incident prompted an internal investigation, and the names of the LAPD officers involved are being withheld.Moore and Marino were in been organized so the top cops could meetbeing withheld. Moore and Marino were in been France as part of a weeklong trip that hadThe incident prompted an internal investigation, and the names of the LAPD officers involved are being withheld.Moore and Marino were in been organized so the top cops could meetbeing withheld. Moore and Marino were in been France as part of a weeklong trip that hadThe incident prompted an internal investigation, and the names of the LAPD officers involved are being withheld.Moore and Marino were in been organized so the top cops could meetbeing withheld. Moore and Marino were in been France as part of a weeklong trip that had</p>", "from_9_rules": "<p>Doqquzuncu sinifdən ...The incident prompted an internal investigation, and the names of the LAPD officers involved are being withheld.Moore and Marino were in been organized so the top cops could meetbeing withheld. Moore and Marino were in been France as part of a weeklong trip that hadThe incident prompted an internal investigation, and the names of the LAPD officers involved are being withheld.Moore and Marino were in been organized so the top cops could meetbeing withheld. Moore and Marino were in been France as part of a weeklong trip that hadThe incident prompted an internal investigation, and the names of the LAPD officers involved are being withheld.Moore and Marino were in been organized so the top cops could meetbeing withheld. Moore and Marino were in been France as part of a weeklong trip that hadThe incident prompted an internal investigation, and the names of the LAPD officers involved are being withheld.Moore and Marino were in been organized so the top cops could meetbeing withheld. Moore and Marino were in been France as part of a weeklong trip that had</p>", "from_11_rules": "<p>Onbirinci sinifdən ...The incident prompted an internal investigation, and the names of the LAPD officers involved are being withheld.Moore and Marino were in been organized so the top cops could meetbeing withheld. Moore and Marino were in been France as part of a weeklong trip that hadThe incident prompted an internal investigation, and the names of the LAPD officers involved are being withheld.Moore and Marino were in been organized so the top cops could meetbeing withheld. Moore and Marino were in been France as part of a weeklong trip that hadThe incident prompted an internal investigation, and the names of the LAPD officers involved are being withheld.Moore and Marino were in been organized so the top cops could meetbeing withheld. Moore and Marino were in been France as part of a weeklong trip that hadThe incident prompted an internal investigation, and the names of the LAPD officers involved are being withheld.Moore and Marino were in been organized so the top cops could meetbeing withheld. Moore and Marino were in been France as part of a weeklong trip that had</p>"}}, {"model": "about.about", "pk": 1, "fields": {"created_at": "2021-12-24", "updated_at": "2021-12-24", "description": "<p>&nbsp; &nbsp; &nbsp; İsmayilli Humanitar və Texnologiya Kolleci 2014-c&uuml; ilin sentyabr ayının 1-də parlamenti tərəfindən təsis edilmişdir. &Uuml;mummilli lider Heydər Əliyev BDU-nun yaradılması kimi m&uuml;h&uuml;m tarixi hadisəyə olduqca obyektiv qiymət verərək demişdir ki, əsrin əvvəlindən bu g&uuml;nə kimi Azərbaycan elminə &ccedil;ıraq tutan universitetimizin yaradılması xalqımızın tarixində ən əlamətdar hadisələrdən biridir. Tarixi haqsızlıq ucbatından uzun m&uuml;ddət m&uuml;stəqilliyini və d&ouml;vlət&ccedil;iliyini itirməyə məcbur olmuş Azərbaycan xalqı milli təhsil sistemini və mənəvi tərbiyə formalarını yaratmaq imkanlarından da məhrum edilmişdi. Yalnız 1918-ci ildə m&uuml;stəqillik qazanaraq Azərbaycan Xalq C&uuml;mhuriyyətini elan edən xalqımız ne&ccedil;ə y&uuml;z illərdən sonra milli və ictimai tərəqqidə elmin, təhsilin rolunu qiymətləndirmək imkanı qazandı.</p>", "image": "about/logo.png"}}, {"model": "about.event", "pk": 1, "fields": {"created_at": "2021-12-24", "updated_at": "2021-12-24", "title": "Yeni il tədbiri", "title_en": null, "title_az": "Yeni il tədbiri", "title_ru": null, "description": "<p>The incident prompted an internal investigation, and the names of the LAPD officers involved are being withheld.Moore and Marino were in been organized so the top cops could meetbeing withheld. Moore and Marino were in been France as part of a weeklong trip that had</p>", "description_en": "", "description_az": "<p>The incident prompted an internal investigation, and the names of the LAPD officers involved are being withheld.Moore and Marino were in been organized so the top cops could meetbeing withheld. Moore and Marino were in been France as part of a weeklong trip that had</p>", "description_ru": "", "category": 2, "image": "event/newyear_2HGIr1X.jpeg", "date": "2022-12-31T00:00:00Z"}}, {"model": "about.event", "pk": 2, "fields": {"created_at": "2021-12-24", "updated_at": "2021-12-24", "title": "Bayraq Günü", "title_en": null, "title_az": "Bayraq Günü", "title_ru": null, "description": "<p>The incident prompted an internal investigation, and the names of the LAPD officers involved are being withheld.Moore and Marino were in been organized so the top cops could meetbeing withheld. Moore and Marino were in been France as part of a weeklong trip that had</p>", "description_en": "", "description_az": "<p>The incident prompted an internal investigation, and the names of the LAPD officers involved are being withheld.Moore and Marino were in been organized so the top cops could meetbeing withheld. Moore and Marino were in been France as part of a weeklong trip that had</p>", "description_ru": "", "category": 1, "image": "event/flag_Q8B9cVq.jpeg", "date": "2021-11-09T10:00:00Z"}}, {"model": "about.event", "pk": 3, "fields": {"created_at": "2021-12-24", "updated_at": "2021-12-24", "title": "Zəfər Günü", "title_en": null, "title_az": "Zəfər Günü", "title_ru": null, "description": "<p>The incident prompted an internal investigation, and the names of the LAPD officers involved are being withheld.Moore and Marino were in been organized so the top cops could meetbeing withheld. Moore and Marino were in been France as part of a weeklong trip that had</p>", "description_en": "", "description_az": "<p>The incident prompted an internal investigation, and the names of the LAPD officers involved are being withheld.Moore and Marino were in been organized so the top cops could meetbeing withheld. Moore and Marino were in been France as part of a weeklong trip that had</p>", "description_ru": "", "category": 1, "image": "event/flagmain.jpg", "date": "2021-11-08T11:30:00Z"}}, {"model": "about.event", "pk": 4, "fields": {"created_at": "2021-12-24", "updated_at": "2021-12-24", "title": "Prezident İlham Əliyevin doğum günü", "title_en": null, "title_az": "Prezident İlham Əliyevin doğum günü", "title_ru": null, "description": "<p>The incident prompted an internal investigation, and the names of the LAPD officers involved are being withheld.Moore and Marino were in been organized so the top cops could meetbeing withheld. Moore and Marino were in been France as part of a weeklong trip that had</p>", "description_en": "", "description_az": "<p>The incident prompted an internal investigation, and the names of the LAPD officers involved are being withheld.Moore and Marino were in been organized so the top cops could meetbeing withheld. Moore and Marino were in been France as part of a weeklong trip that had</p>", "description_ru": "", "category": 2, "image": "event/prezident_RPQiOxW.jpg", "date": "2021-12-24T11:00:00Z"}}, {"model": "about.dateofcreate", "pk": 1, "fields": {"created_at": "2021-12-24", "updated_at": "2021-12-24", "description": "<p>&nbsp; &nbsp; &nbsp; İsmayilli Humanitar və Texnologiya Kolleci 2014-c&uuml; ilin sentyabr ayının 1-də parlamenti tərəfindən təsis edilmişdir. &Uuml;mummilli lider Heydər Əliyev BDU-nun yaradılması kimi m&uuml;h&uuml;m tarixi hadisəyə olduqca obyektiv qiymət verərək demişdir ki, əsrin əvvəlindən bu g&uuml;nə kimi Azərbaycan elminə &ccedil;ıraq tutan universitetimizin yaradılması xalqımızın tarixində ən əlamətdar hadisələrdən biridir. Tarixi haqsızlıq ucbatından uzun m&uuml;ddət m&uuml;stəqilliyini və d&ouml;vlət&ccedil;iliyini itirməyə məcbur olmuş Azərbaycan xalqı milli təhsil sistemini və mənəvi tərbiyə formalarını yaratmaq imkanlarından da məhrum edilmişdi. Yalnız 1918-ci ildə m&uuml;stəqillik qazanaraq Azərbaycan Xalq C&uuml;mhuriyyətini elan edən xalqımız ne&ccedil;ə y&uuml;z illərdən sonra milli və ictimai tərəqqidə elmin, təhsilin rolunu qiymətləndirmək imkanı qazandı.</p>\r\n\r\n<p><img alt=\"\" src=\"http://static.bsu.az/w32/fexrison/heyder-eliyev.jpg\" style=\"height:208px; width:320px\" /></p>\r\n\r\n<p>Bolşeviklərin və ermənilərin yaratdığı daxili qarışıqlığa və iqtisadi vəziyyətin ağır olmasına baxmayaraq, Azərbaycan Xalq C&uuml;mhuriyyəti milli mədəniyyətin, təhsilin, ədəbiyyatın və incəsənətin inkişafına x&uuml;susi &ouml;nəm vermiş, bu &uuml;mdə məsələlərə x&uuml;&shy;susi qayğı ilə yanaşmışdır. Bu qayğı demokratik ziyalılarımızın uzun illərdən bəri apardığı gərgin m&uuml;barizənin həyati təzah&uuml;r&uuml; idi. Azərbaycan milli h&ouml;kuməti yarandığı ilk g&uuml;nlərdən həlli m&uuml;h&uuml;m olan bir sıra iqtisadi və siyasi problemlərlə &uuml;zləşsə də, xalqın maariflənməsi &uuml;&ccedil;&uuml;n &ccedil;ox ciddi addımlar atmış, b&uuml;t&uuml;n məktəblərdə təhsilin icbari olması və ana dilində aparılması sahəsində konkret tədbirlər həyata ke&ccedil;irmişdir. Bu tədbirlərin i&ccedil;ərisində b&uuml;t&uuml;n m&uuml;səlman Şərqində ilk Avropa tipli ali məktəb kimi fəaliyyətə başlayan, hazırda Azərbaycan Respublikasının aparıcı ali təhsil m&uuml;əssisəsi olan Bakı D&ouml;vlət Universitetinin yaradılması x&uuml;susi yer tutur. Şərq d&uuml;nyasına respublika məfkurəsini və demokratik idarə &uuml;sulunu gətirən Azərbaycan xalqının və d&ouml;vlətinin həyata ke&ccedil;irdiyi nəhəng tarixi hadisələrdən biri, ş&uuml;bhəsiz, BDU-nun yaradılması olmuşdur. D&ouml;vr&uuml;n ağır və m&uuml;rəkkəb beynəlxalq şərtlərinə, xarici təhdidlərə, kəskin maliyyə və kadr &ccedil;atışmazlığına baxmayaraq, milli h&ouml;kumət &ouml;lkədə təhsil və mədəniyyətin inkişafına x&uuml;susi diqqət yetirir, ciddi tədbirlər həyata ke&ccedil;irirdi. Bunun da səbəbini C&uuml;mhuriyyət xadimlərinin, demək olar ki, hamısının bir nəfər kimi bu taley&uuml;kl&uuml; işdə maraqlı olması ilə izah etmək olar. İyirmi &uuml;&ccedil; aylıq fəaliyyətlərinin on ayı ərzində bu d&ouml;vlət xadimləri gərgin m&uuml;bahisə və m&uuml;zakirələrdən sonra həyatlarının bəlkə də ən b&ouml;y&uuml;k arzusunu &ndash; m&uuml;stəqil d&ouml;vlətin m&uuml;stəqil ali təhsil ocağını &ndash; Bakı D&ouml;vlət Universitetini yaratmağa nail olmuşdular.&nbsp;Əlbəttə,&nbsp;o&nbsp;d&ouml;vrdə&nbsp;universitetin&nbsp;yaradılması&nbsp;ideyasının&nbsp;meydana&nbsp;&ccedil;ıxmasını&nbsp;şərtləndirən&nbsp;bir&nbsp;sıra&nbsp;amillər&nbsp;m&ouml;vcud&nbsp;idi.&nbsp;Hər&nbsp;şeydən&nbsp;əvvəl,&nbsp;azərbaycanlıların&nbsp;maariflənməsini&nbsp;və&nbsp;təhsilinin&nbsp;inkişafını&nbsp;d&uuml;ş&uuml;nən&nbsp;qabaqcıl&nbsp;ziyalıların,&nbsp;ictimai&nbsp;xadimlərin&nbsp;başlıca&nbsp;arzularından&nbsp;biri&nbsp;universitet&nbsp;a&ccedil;maq&nbsp;olmuşdu.&nbsp;Lakin&nbsp;bu&nbsp;ideyanı&nbsp;əvvəlki&nbsp;d&ouml;vrlərdə&nbsp;ger&ccedil;əkləşdirmək&nbsp;&uuml;&ccedil;&uuml;n&nbsp;şərait&nbsp;və&nbsp;imkan&nbsp;m&ouml;vcud&nbsp;deyildi.&nbsp;Azərbaycan&nbsp;Xalq&nbsp;C&uuml;mhuriyyətinin&nbsp;yaradılması&nbsp;isə&nbsp;bu&nbsp;sahədə&nbsp;bir&nbsp;&uuml;mid&nbsp;&ccedil;ırağı&nbsp;yandırdı.&nbsp;D&ouml;vr&uuml;n&nbsp;ağır&nbsp;və&nbsp;m&uuml;rəkkəb&nbsp;beynəlxalq&nbsp;şərtlərinə,&nbsp;xarici&nbsp;təhdidlərə,&nbsp;kəskin&nbsp;maliyyə&nbsp;və&nbsp;kadr&nbsp;&ccedil;atışmazlığına&nbsp;baxmayaraq,&nbsp;milli&nbsp;h&ouml;kumət&nbsp;&ouml;lkədə&nbsp;təhsil&nbsp;və&nbsp;mədəniyyətin&nbsp;inkişafına&nbsp;x&uuml;susi&nbsp;diqqət&nbsp;yetirir,&nbsp;ciddi&nbsp;tədbirlər&nbsp;həyata&nbsp;ke&ccedil;irirdi.</p>\r\n\r\n<p><img alt=\"\" src=\"http://static.bsu.az/w32/univerimiz/uni/BDU%207.jpg\" style=\"height:276px; width:446px\" /><em>Bunun&nbsp;da&nbsp;səbəbini&nbsp;C&uuml;mhuriyyət&nbsp;xadimlərinin,&nbsp;demək&nbsp;olar&nbsp;ki,&nbsp;hamısının&nbsp;bir&nbsp;nəfər&nbsp;kimi&nbsp;bu&nbsp;taley&uuml;kl&uuml;&nbsp;işdə&nbsp;maraqlı&nbsp;olması&nbsp;ilə&nbsp;izah&nbsp;etmək&nbsp;olar.&nbsp;Bu&nbsp;vətənpərvər&nbsp;ziyalıların&nbsp;əksəriyyəti&nbsp;Avropanın&nbsp;qabaqcıl&nbsp;universitetlərində&nbsp;təhsil&nbsp;almış&nbsp;şəxsiyyətlər&nbsp;olmuşdur.&nbsp;</em>Məsələn,&nbsp;Əlimərdan&nbsp;bəy&nbsp;Top&ccedil;ubaşov&nbsp;Sankt-Peterburq&nbsp;Universitetini,&nbsp;Fətəli&nbsp;xan&nbsp;Xoyski&nbsp;Moskva&nbsp;D&ouml;vlət&nbsp;Universitetini,&nbsp;Nəsib&nbsp;bəy&nbsp;Yusifbəyli&nbsp;Odessa&nbsp;Universitetini,&nbsp;Əhməd&nbsp;bəy&nbsp;Ağayev&nbsp;Parisdə&nbsp;H&uuml;quq&nbsp;Məktəbini&nbsp;və&nbsp;Sorbonna&nbsp;Universitetini,&nbsp;Behbud&nbsp;xan&nbsp;Cavanşir&nbsp;Almaniyanın&nbsp;Frayberq&nbsp;şəhərində&nbsp;Dağ-Mədən&nbsp;Akademiyasını,&nbsp;Mir&nbsp;Hidayət&nbsp;Seyidov&nbsp;Kazan&nbsp;Universitetini,&nbsp;Aslan&nbsp;bəy&nbsp;Səfik&uuml;rdski&nbsp;Sankt-Peterburq&nbsp;Universitetini,&nbsp;Məmmədrza&nbsp;Vəkilov&nbsp;Xarkov&nbsp;Universitetini&nbsp;bitirmişdilər.&nbsp;Onlar&nbsp;m&uuml;kəmməl&nbsp;təhsilin&nbsp;bəhrələrini&nbsp;&ouml;z&nbsp;g&ouml;zləri&nbsp;ilə&nbsp;g&ouml;rm&uuml;ş,&nbsp;həyat&nbsp;təcr&uuml;bələrində&nbsp;sınaqdan&nbsp;ke&ccedil;irərək,&nbsp;bunu&nbsp;&ouml;z&nbsp;vətənlərində&nbsp;həyata&nbsp;ke&ccedil;irmək&nbsp;arzusu&nbsp;ilə&nbsp;yaşamışdılar.&nbsp;Vətən&nbsp;m&uuml;cahidlərinin&nbsp;əlinə&nbsp;belə&nbsp;bir&nbsp;f&uuml;rsət&nbsp;yalnız&nbsp;Azərbaycan&nbsp;Xalq&nbsp;C&uuml;mhuriyyəti&nbsp;qurulduqdan&nbsp;sonra&nbsp;d&uuml;şm&uuml;şd&uuml;.&nbsp;D&ouml;vlət&nbsp;quruculuğunun&nbsp;daha&nbsp;m&ouml;hkəm&nbsp;təməllərlə&nbsp;həyata&nbsp;ke&ccedil;irilməsi&nbsp;və&nbsp;m&uuml;stəqilliyin&nbsp;qorunub&nbsp;saxlanılması&nbsp;&uuml;&ccedil;&uuml;n&nbsp;ali&nbsp;təhsilli&nbsp;milli&nbsp;kadrların&nbsp;hazırlanmasının&nbsp;əhəmiyyətini&nbsp;başa&nbsp;d&uuml;şən&nbsp;C&uuml;mhuriyyət&nbsp;xadimləri&nbsp;bu&nbsp;vəziyyətin&nbsp;d&uuml;zəldilməsindən&nbsp;&ouml;tr&uuml;&nbsp;addımların&nbsp;atılmasının&nbsp;vacibliyini&nbsp;dərk&nbsp;edərək&nbsp;xalqın&nbsp;sivil&nbsp;d&uuml;nya&nbsp;elminə&nbsp;və&nbsp;təhsilinə&nbsp;yiyələnməsi&nbsp;&uuml;&ccedil;&uuml;n&nbsp;universitetin&nbsp;yaradılması&nbsp;qənaətinə&nbsp;gəlmişdilər.&nbsp;İyirmi&nbsp;&uuml;&ccedil;&nbsp;aylıq&nbsp;fəaliyyətlərinin&nbsp;on&nbsp;ayı&nbsp;ərzində&nbsp;bu&nbsp;d&ouml;vlət&nbsp;xadimləri&nbsp;gərgin&nbsp;m&uuml;bahisə&nbsp;və&nbsp;m&uuml;zakirələrdən&nbsp;sonra&nbsp;həyatlarının&nbsp;bəlkə&nbsp;də&nbsp;ən&nbsp;b&ouml;y&uuml;k&nbsp;arzusunu&nbsp;&ndash;&nbsp;m&uuml;stəqil&nbsp;d&ouml;vlətin&nbsp;m&uuml;stəqil&nbsp;ali&nbsp;təhsil&nbsp;ocağını&nbsp;&ndash;&nbsp;Bakı&nbsp;D&ouml;vlət&nbsp;Universitetini&nbsp;yaratmağa&nbsp;nail&nbsp;olmuşdular. BDU-nun&nbsp;yaradılması&nbsp;tarixinə&nbsp;nəzər&nbsp;saldıqda,&nbsp;təsis&nbsp;edildiyi&nbsp;g&uuml;nə&nbsp;kimi&nbsp;onun&nbsp;nə&nbsp;qədər&nbsp;&ccedil;ətinliklərlə&nbsp;&uuml;zləşdiyini&nbsp;m&uuml;şahidə&nbsp;etmək&nbsp;olar.&nbsp;Bu&nbsp;tarix&nbsp;b&uuml;t&ouml;vl&uuml;kdə&nbsp;m&uuml;stəqil&nbsp;Azərbaycanın&nbsp;yaranmasında&nbsp;xalqımız&nbsp;qarşısında&nbsp;dayanan&nbsp;maneələri,&nbsp;həm&nbsp;xalqımıza&nbsp;bu&nbsp;işdə&nbsp;dəstək&nbsp;olan&nbsp;&ccedil;oxsaylı&nbsp;xeyirxah&nbsp;insanları,&nbsp;həm&nbsp;də&nbsp;&ouml;lkəmizi&nbsp;m&uuml;stəqil,&nbsp;sivil&nbsp;&ouml;lkələr&nbsp;sırasında&nbsp;g&ouml;rmək&nbsp;istəməyən&nbsp;q&uuml;vvələri&nbsp;&ouml;z&uuml;ndə&nbsp;əks&nbsp;etdirir... Azərbaycanda&nbsp;universitetin&nbsp;yaradılması&nbsp;asan&nbsp;proses&nbsp;deyildi.&nbsp;&Ouml;lkənin&nbsp;maliyyə&nbsp;imkanları&nbsp;xeyli&nbsp;zəifləmişdi,&nbsp;maddi-texniki&nbsp;baza&nbsp;yox&nbsp;idi.&nbsp;Milli&nbsp;kadrların&nbsp;&ccedil;atışmazlığı&nbsp;tədris&nbsp;prosesinə&nbsp;rusdilli&nbsp;m&uuml;əllimlərin&nbsp;cəlb&nbsp;olunmasını&nbsp;zəruri&nbsp;edirdi.&nbsp;Bu&nbsp;isə&nbsp;tədrisdə&nbsp;ruslaşdırma&nbsp;siyasətinə&nbsp;gətirib&nbsp;&ccedil;ıxara&nbsp;bilərdi.&nbsp;Lakin&nbsp;bu&nbsp;narahatlıqlar&nbsp;Azərbaycan&nbsp;d&ouml;vlət&nbsp;xadimlərini&nbsp;niyyətlərindən&nbsp;d&ouml;ndərə&nbsp;bilmədi.&nbsp;&Ccedil;arizm&nbsp;və&nbsp;M&uuml;vəqqəti&nbsp;h&ouml;kumətin&nbsp;z&uuml;lm&uuml;ndən&nbsp;ayrılıb&nbsp;istiqlalını&nbsp;elan&nbsp;edən,&nbsp;bolşevik&nbsp;təhl&uuml;kəsilə&nbsp;&uuml;z-&uuml;zə&nbsp;dayanan&nbsp;Azərbaycanın&nbsp;d&ouml;vlət&nbsp;və&nbsp;siyasi&nbsp;xadimləri&nbsp;niyyətlərində&nbsp;israrlı&nbsp;oldular. &Ccedil;ar&nbsp;m&uuml;tləqiyyətinin&nbsp;hakimiyyəti&nbsp;d&ouml;vr&uuml;ndə&nbsp;Rusiya&nbsp;imperiyasının&nbsp;tərkibində&nbsp;təkcə&nbsp;Azərbaycanda&nbsp;deyil,&nbsp;b&uuml;t&uuml;n&nbsp;Cənubi&nbsp;Qafqazda&nbsp;bircə&nbsp;ali&nbsp;məktəb&nbsp;də&nbsp;a&ccedil;ılmamışdı. Hələ&nbsp;1871-ci&nbsp;ildə&nbsp;Rusiya&nbsp;&ccedil;arı&nbsp;II&nbsp;Aleksandr&nbsp;Tiflisdə&nbsp;olarkən&nbsp;şəhər&nbsp;idarəsi&nbsp;burada&nbsp;b&uuml;t&uuml;n&nbsp;xərcləri&nbsp;&ouml;zləri&nbsp;tərəfindən&nbsp;&ouml;dənilməklə&nbsp;universitet&nbsp;a&ccedil;ılması&nbsp;xahişi&nbsp;ilə&nbsp;ona&nbsp;m&uuml;raciət&nbsp;etmiş,&nbsp;lakin&nbsp;bu&nbsp;xahiş&nbsp;yerinə&nbsp;yetirilməmişdi. 1897-ci&nbsp;ilin&nbsp;sentyabr&nbsp;ayında&nbsp;Kiyev&nbsp;və&nbsp;Varşavada&nbsp;politexnikum&nbsp;a&ccedil;ıldıqdan&nbsp;sonra,&nbsp;belə&nbsp;bir&nbsp;təhsil&nbsp;m&uuml;əssisəsinin&nbsp;Zaqafqaziyada&nbsp;da&nbsp;a&ccedil;ılması&nbsp;sahəsində&nbsp;danışıqlar&nbsp;başlanmışdı.&nbsp;Bakı&nbsp;Şəhər&nbsp;Duması&nbsp;və&nbsp;neft&nbsp;sənaye&ccedil;iləri&nbsp;bu&nbsp;məktəbin&nbsp;a&ccedil;ılması&nbsp;&uuml;&ccedil;&uuml;n&nbsp;birdəfəlik&nbsp;250&nbsp;min&nbsp;rubl&nbsp;verəcəklərini&nbsp;və&nbsp;hər&nbsp;il&nbsp;onun&nbsp;maliyyələşdirilməsi&nbsp;&uuml;&ccedil;&uuml;n&nbsp;kredit&nbsp;m&uuml;əssisələri&nbsp;vasitəsilə&nbsp;borc&nbsp;pul&nbsp;ayrılacağını&nbsp;&ouml;hdələrinə&nbsp;g&ouml;t&uuml;rd&uuml;klərini&nbsp;bildirsələr&nbsp;də,&nbsp;bu&nbsp;ideya&nbsp;da&nbsp;həyata&nbsp;ke&ccedil;irilmədi. 1906-cı&nbsp;ildə&nbsp;Zaqafqaziyada&nbsp;ali&nbsp;təhsil&nbsp;ocağının&nbsp;a&ccedil;ılmasına&nbsp;dair&nbsp;danışıqlar&nbsp;yenidən&nbsp;g&uuml;ndəmə&nbsp;gəlmişdi.&nbsp;Bu&nbsp;d&ouml;vrdə&nbsp;hakimiyyət&nbsp;orqanlarının&nbsp;fitnəkarlığı&nbsp;ilə&nbsp;ermənilərin&nbsp;m&uuml;səlmanlara&nbsp;qarşı&nbsp;t&ouml;rətdiyi&nbsp;qırğının&nbsp;guya&nbsp;qarşısını&nbsp;almaq&nbsp;məqsədilə&nbsp;&ccedil;ar&nbsp;m&uuml;tləqiyyəti&nbsp;&ouml;z&nbsp;&laquo;qayğıkeşliyini&raquo;&nbsp;n&uuml;mayiş&nbsp;etdirmək&nbsp;istədi.&nbsp;Tiflisdə&nbsp;politexnikum&nbsp;a&ccedil;ılması&nbsp;və&nbsp;ali&nbsp;məktəbin&nbsp;təşkilinə&nbsp;ianə&nbsp;toplanılması&nbsp;&uuml;&ccedil;&uuml;n&nbsp;Qafqaz&nbsp;canişinliyi&nbsp;nəzdində&nbsp;x&uuml;susi&nbsp;Baş&nbsp;Komitə&nbsp;yaradıldı.&nbsp;Bu&nbsp;məsələ&nbsp;də&nbsp;xeyli&nbsp;m&uuml;ddət&nbsp;uzadıldı. 7&nbsp;may&nbsp;1910-cu&nbsp;ildə&nbsp;X&uuml;susi&nbsp;Baş&nbsp;Komitənin&nbsp;sədri&nbsp;məktubla&nbsp;Bakı,&nbsp;İrəvan,&nbsp;Yelizavetpol,&nbsp;Poti,&nbsp;Batum,&nbsp;Qroznı&nbsp;və&nbsp;b.&nbsp;şəhər&nbsp;dumalarına&nbsp;m&uuml;raciət&nbsp;edərək,&nbsp;Tiflisdə&nbsp;Qafqaz&nbsp;Universitetinin&nbsp;aşılması&nbsp;və&nbsp;hər&nbsp;il&nbsp;onun&nbsp;xərclərinin&nbsp;&ouml;dənilməsi&nbsp;&uuml;&ccedil;&uuml;n&nbsp;k&ouml;mək&nbsp;g&ouml;stərilməsi&nbsp;barədə&nbsp;xahiş&nbsp;etdi.&nbsp;Lakin&nbsp;Qafqazda&nbsp;ictimaiyyətin&nbsp;k&ouml;məyi&nbsp;ilə&nbsp;universitet&nbsp;a&ccedil;ılması&nbsp;ideyası&nbsp;D&ouml;vlət&nbsp;Duması&nbsp;tərəfindən&nbsp;m&uuml;dafiə&nbsp;olunmadı.&nbsp;Azərbaycan,&nbsp;G&uuml;rc&uuml;stan&nbsp;və&nbsp;Ermənistandan&nbsp;olan&nbsp;deputatların&nbsp;əksəriyyəti&nbsp;bu&nbsp;məsələnin&nbsp;II&nbsp;D&ouml;vlət&nbsp;Dumasında&nbsp;m&uuml;sbət&nbsp;həllini&nbsp;tələb&nbsp;etsələr&nbsp;də,&nbsp;onların&nbsp;tələbinə&nbsp;məhəl&nbsp;qoyulmadı. Rusiyada&nbsp;1917-ci&nbsp;il&nbsp;Fevral&nbsp;inqilabından&nbsp;sonra,&nbsp;M&uuml;vəqqəti&nbsp;h&ouml;kumətin&nbsp;maarif&nbsp;naziri&nbsp;S.F.Oldenburq&nbsp;Tiflis&nbsp;şəhər&nbsp;Dumasına&nbsp;məktub-teleqram&nbsp;g&ouml;ndərərək&nbsp;xahiş&nbsp;edir&nbsp;ki,&nbsp;Cənubi&nbsp;Qafqazda&nbsp;a&ccedil;ılması&nbsp;nəzərdə&nbsp;tutulan&nbsp;yeganə&nbsp;ali&nbsp;məktəbin&nbsp;&ndash;&nbsp;Tiflis&nbsp;Rus&nbsp;Universitetinin&nbsp;layihə&nbsp;və&nbsp;smetasını&nbsp;qısa&nbsp;zamanda&nbsp;hazırlayıb&nbsp;h&ouml;kumətin&nbsp;m&uuml;zakirəsinə&nbsp;təqdim&nbsp;etsinlər.&nbsp;Bu,&nbsp;əslində,&nbsp;&ccedil;ar&nbsp;b&uuml;rokratiyasının&nbsp;m&uuml;stəmləkə&nbsp;əsarəti&nbsp;altında&nbsp;olan&nbsp;xalqlara&nbsp;qarşı&nbsp;yeritdiyi&nbsp;siyasətin,&nbsp;x&uuml;susən&nbsp;maarif&nbsp;və&nbsp;mədəniyyət&nbsp;sahəsindəki&nbsp;siyasətin&nbsp;əsaslı&nbsp;şəkildə&nbsp;tənəzz&uuml;l&uuml;&nbsp;demək&nbsp;idi.&nbsp;Tiflisdə&nbsp;&laquo;Rus&nbsp;universiteti&raquo;ni&nbsp;a&ccedil;maq&nbsp;&uuml;&ccedil;&uuml;n&nbsp;yerli&nbsp;Ali&nbsp;qadın&nbsp;kurslarının&nbsp;professorlarından&nbsp;ibarət&nbsp;komissiya&nbsp;yaradılır.&nbsp;Bu&nbsp;komissiyaya&nbsp;g&ouml;rkəmli&nbsp;alim,&nbsp;cərrah&nbsp;və&nbsp;pedaqoq,&nbsp;&uuml;&ccedil;&nbsp;universitetin&nbsp;&ndash;&nbsp;Saratov&nbsp;(1909),&nbsp;Tiflis&nbsp;(1918)&nbsp;və&nbsp;Bakı&nbsp;(1919)&nbsp;universitetlərinin&nbsp;yaradılmasında&nbsp;m&uuml;h&uuml;m&nbsp;rol&nbsp;oynamış&nbsp;professor&nbsp;Vasili&nbsp;İvanovi&ccedil;&nbsp;Razumovski&nbsp;(1857-1935)&nbsp;baş&ccedil;ılıq&nbsp;edirdi.&nbsp;Komissiya&nbsp;universitetin&nbsp;layihə&nbsp;və&nbsp;smetasını&nbsp;hazırlayıb&nbsp;Zaqafqaziya&nbsp;Respublikası&nbsp;h&ouml;kumətinin&nbsp;m&uuml;zakirəsinə&nbsp;verdi.</p>\r\n\r\n<p><strong><img alt=\"\" src=\"http://static.bsu.az/w1/bdutarix/fx.jpg\" style=\"height:155px; width:103px\" /></strong></p>\r\n\r\n<p>Sonrakı&nbsp;hadisələri&nbsp;V.İ.Razumovski&nbsp;belə&nbsp;xatırlayırdı: &laquo;İşimiz&nbsp;qurtarana&nbsp;yaxın&nbsp;Qafqaz&nbsp;Zaqafqaziya&nbsp;Respublikası&nbsp;kimi&nbsp;Rusiyadan&nbsp;ayrıldı&nbsp;və&nbsp;g&uuml;rc&uuml;lərdən,&nbsp;ermənilərdən&nbsp;və&nbsp;t&uuml;rklərdən&nbsp;ibarət&nbsp;qarışıq&nbsp;h&ouml;kumət&nbsp;təşkil&nbsp;edildi.&nbsp;Xalq&nbsp;maarif&nbsp;naziri&nbsp;bakılı&nbsp;<strong>Fətəli xan&nbsp;</strong><strong>Xoyski</strong>&nbsp;idi.&nbsp;Biz&nbsp;Tiflisdə&nbsp;rus&nbsp;universitetinin&nbsp;təşkili&nbsp;&uuml;&ccedil;&uuml;n&nbsp;apardığımız&nbsp;işdən&nbsp;istifadə&nbsp;etməyi&nbsp;həmin&nbsp;h&ouml;kumətə&nbsp;təklif&nbsp;etdik.&nbsp;Nazir&nbsp;bizi&nbsp;dinlədi,&nbsp;Qafqazda&nbsp;rus&nbsp;universitetinin&nbsp;təsis&nbsp;edilməsinə&nbsp;rəğbətini&nbsp;bildirdi,&nbsp;lakin&nbsp;əlavə&nbsp;edib&nbsp;dedi: &laquo;Bəs&nbsp;niyə&nbsp;Tiflisdə?&nbsp;Tiflisdə&nbsp;Politexnikum&nbsp;var,&nbsp;indi&nbsp;də&nbsp;g&uuml;rc&uuml;&nbsp;universiteti?..&nbsp;Bəlkə&nbsp;universiteti&nbsp;Bakıda&nbsp;a&ccedil;maq&nbsp;daha&nbsp;d&uuml;zg&uuml;n&nbsp;olardı?&raquo;&nbsp;O,&nbsp;bizim&nbsp;məlumat&nbsp;məktublarımızı&nbsp;nəzərdən&nbsp;ke&ccedil;irmək&nbsp;&uuml;&ccedil;&uuml;n&nbsp;g&ouml;t&uuml;rd&uuml;&nbsp;və&nbsp;bizim&nbsp;məqsədimiz&nbsp;barədə&nbsp;Nazirlər&nbsp;Şurasına&nbsp;məlumat&nbsp;verəcəyini&nbsp;vəd&nbsp;etdi&raquo;. Təəss&uuml;f&nbsp;ki,&nbsp;o&nbsp;d&ouml;vrdə&nbsp;yaranmış&nbsp;daxili&nbsp;və&nbsp;xarici&nbsp;vəziyyətlə&nbsp;bağlı&nbsp;Zaqafqaziya&nbsp;h&ouml;kuməti&nbsp;bu&nbsp;məsələyə&nbsp;baxmağa&nbsp;imkan&nbsp;tapmadı. 1918-ci&nbsp;il&nbsp;mayın&nbsp;26-da&nbsp;Zaqafqaziya&nbsp;Seyminin&nbsp;&ouml;z&nbsp;fəaliyyətini&nbsp;dayandırması&nbsp;nəticəsində&nbsp;&uuml;&ccedil;&nbsp;m&uuml;stəqil&nbsp;respublika&nbsp;&ndash;&nbsp;Azərbaycan,&nbsp;G&uuml;rc&uuml;stan&nbsp;və&nbsp;Ermənistan&nbsp;respublikaları&nbsp;yaradıldı. Tiflisdə&nbsp;fəaliyyət&nbsp;g&ouml;stərən&nbsp;Ali&nbsp;qadın&nbsp;kursları&nbsp;1918-ci&nbsp;ilin&nbsp;iyulunda&nbsp;&uuml;&ccedil;&nbsp;fak&uuml;ltədən&nbsp;&ndash;&nbsp;təbiət,&nbsp;tarix-filologiya&nbsp;və&nbsp;tibb&nbsp;fak&uuml;ltələrindən&nbsp;ibarət&nbsp;olan&nbsp;Zaqafqaziya&nbsp;Universitetinə&nbsp;&ccedil;evrildi.&nbsp;Professor&nbsp;V.İ.Razumovski&nbsp;tədrisin&nbsp;rus&nbsp;dilində&nbsp;aparıldığı&nbsp;bu&nbsp;universitetin&nbsp;rektoru&nbsp;vəzifəsinə&nbsp;se&ccedil;ildi.&nbsp;Lakin&nbsp;yarandığı&nbsp;ilk&nbsp;g&uuml;ndən&nbsp;bu&nbsp;universitet&nbsp;respublikalar&nbsp;arasında&nbsp;siyasi&nbsp;ziddiyyətlərlə&nbsp;və&nbsp;b&ouml;y&uuml;k&nbsp;maliyyə&nbsp;&ccedil;ətinlikləri&nbsp;ilə&nbsp;rastlaşırdı.&nbsp;Ermənistan&nbsp;h&ouml;kuməti&nbsp;universitetə&nbsp;bir&nbsp;qəpik&nbsp;də&nbsp;pul&nbsp;vermirdi,&nbsp;G&uuml;rc&uuml;stan&nbsp;h&ouml;kuməti&nbsp;isə&nbsp;onu&nbsp;g&uuml;rc&uuml;&nbsp;universiteti&nbsp;&uuml;&ccedil;&uuml;n&nbsp;rəqib&nbsp;sayırdı.&nbsp;Elə&nbsp;bu&nbsp;səbəblərdən&nbsp;onun&nbsp;Tiflisdə&nbsp;fəaliyyət&nbsp;g&ouml;stərməsi&nbsp;m&uuml;mk&uuml;n&nbsp;olmayacaqdı.&nbsp;Nəticədə,&nbsp;universitetin&nbsp;rəhbərliyi&nbsp;sonrakı&nbsp;illərdə&nbsp;Yekaterindorf,&nbsp;İrəvan&nbsp;və&nbsp;ya&nbsp;Bakıda&nbsp;fəaliyyət&nbsp;g&ouml;stərə&nbsp;bilməsi&nbsp;&uuml;&ccedil;&uuml;n&nbsp;danışıqlara&nbsp;başlayır.&nbsp;Belə&nbsp;bir&nbsp;vaxtda&nbsp;Fətəli&nbsp;xan&nbsp;Xoyskinin&nbsp;baş&ccedil;ılıq&nbsp;etdiyi&nbsp;Azərbaycan&nbsp;Xalq&nbsp;C&uuml;mhuriyyəti&nbsp;h&ouml;kuməti&nbsp;Bakı&nbsp;şəhərində&nbsp;universitetin&nbsp;a&ccedil;ılmasına&nbsp;b&ouml;y&uuml;k&nbsp;əhəmiyyət&nbsp;verirdi.&nbsp;Maarif&nbsp;və&nbsp;dini&nbsp;işlər&nbsp;naziri&nbsp;olan&nbsp;Nəsib&nbsp;bəy&nbsp;Yusifbəyli&nbsp;də&nbsp;bu&nbsp;işi&nbsp;reallaşdırmaq&nbsp;&uuml;&ccedil;&uuml;n&nbsp;b&uuml;t&uuml;n&nbsp;bilik&nbsp;və&nbsp;bacarığını&nbsp;sərf&nbsp;edirdi.&nbsp;Azərbaycan&nbsp;h&ouml;kuməti&nbsp;millətin&nbsp;taleyində&nbsp;ali&nbsp;təhsilin&nbsp;rolunu&nbsp;d&uuml;zg&uuml;n&nbsp;qiymətləndirərək,&nbsp;ictimai,&nbsp;siyasi&nbsp;və&nbsp;mədəni&nbsp;tələbatı&nbsp;nəzərə&nbsp;alaraq,&nbsp;universitetin&nbsp;məhz&nbsp;Bakıda&nbsp;a&ccedil;ılması&nbsp;&uuml;&ccedil;&uuml;n&nbsp;əməli&nbsp;fəaliyyətə&nbsp;başlayır.&nbsp;Bu&nbsp;d&ouml;vrdə&nbsp;Azərbaycanın&nbsp;Həsən&nbsp;bəy&nbsp;Zərdabi,&nbsp;Nəcəf&nbsp;bəy&nbsp;Vəzirov,&nbsp;Cəlil&nbsp;Məmmədquluzadə,&nbsp;Firudin&nbsp;bəy&nbsp;K&ouml;&ccedil;ərli,&nbsp;Həbib&nbsp;bəy&nbsp;Mahmudbəyov,&nbsp;Abbas&nbsp;Səhhət,&nbsp;Nəriman&nbsp;Nərimanov,&nbsp;Sultan&nbsp;Məcid&nbsp;Qənizadə,&nbsp;&Uuml;zeyir&nbsp;Hacıbəyli&nbsp;kimi&nbsp;m&uuml;tərəqqi&nbsp;ziyalıları&nbsp;və&nbsp;ictimai&nbsp;xadimləri&nbsp;&ouml;z&nbsp;qabaqcıl&nbsp;ideyalarını&nbsp;ali&nbsp;məktəblə&nbsp;bağlayırdılar.&nbsp;&Ouml;lkənin&nbsp;intellektual&nbsp;potensialı&nbsp;və&nbsp;iqtisadi&nbsp;g&uuml;c&uuml;&nbsp;də&nbsp;universitetin&nbsp;fəaliyyətə&nbsp;başlamasına&nbsp;imkan&nbsp;verirdi.(fake info)</p>"}}, {"model": "about.practic", "pk": 1, "fields": {"created_at": "2021-12-24", "updated_at": "2021-12-24", "title": "Tibb bacısı işi ixtisası", "description": "<p>The incident prompted an internal investigation, and the names of the LAPD officers involved are being withheld.Moore and Marino were in been organized so the top cops could meetbeing withheld. Moore and Marino were in been France as part of a weeklong trip that had</p>", "image_icon": "practic/fram_icon_0ewkqre.jpg", "image": "practic/riyaz_iIuIutY.png"}}, {"model": "about.practic", "pk": 2, "fields": {"created_at": "2021-12-24", "updated_at": "2021-12-24", "title": "Baytarlıq", "description": "<p>The incident prompted an internal investigation, and the names of the LAPD officers involved are being withheld.Moore and Marino were in been organized so the top cops could meetbeing withheld. Moore and Marino were in been France as part of a weeklong trip that had</p>", "image_icon": "practic/fram_icon_VCyILUL.jpg", "image": "practic/riyaz_RVRX922.png"}}, {"model": "about.practic", "pk": 3, "fields": {"created_at": "2021-12-24", "updated_at": "2021-12-24", "title": "Meşə Park", "description": "<p>The incident prompted an internal investigation, and the names of the LAPD officers involved are being withheld.Moore and Marino were in been organized so the top cops could meetbeing withheld. Moore and Marino were in been France as part of a weeklong trip that had</p>", "image_icon": "practic/fram_icon_Oo28PQv.jpg", "image": "practic/riyaz_tsDH902.png"}}, {"model": "about.practic", "pk": 4, "fields": {"created_at": "2021-12-24", "updated_at": "2021-12-24", "title": "Zootexniklik", "description": "<p>The incident prompted an internal investigation, and the names of the LAPD officers involved are being withheld.Moore and Marino were in been organized so the top cops could meetbeing withheld. Moore and Marino were in been France as part of a weeklong trip that had</p>", "image_icon": "practic/fram_icon_SEhuYto.jpg", "image": "practic/riyaz_xed5Uhv.png"}}, {"model": "about.practic", "pk": 5, "fields": {"created_at": "2021-12-24", "updated_at": "2021-12-24", "title": "Aqronomluq", "description": "<p>The incident prompted an internal investigation, and the names of the LAPD officers involved are being withheld.Moore and Marino were in been organized so the top cops could meetbeing withheld. Moore and Marino were in been France as part of a weeklong trip that had</p>", "image_icon": "practic/fram_icon_jdeBPVk.jpg", "image": "practic/riyaz_5ZWKLcI.png"}}, {"model": "about.practic", "pk": 6, "fields": {"created_at": "2021-12-24", "updated_at": "2021-12-24", "title": "Süd və süd məhsulları", "description": "<p>The incident prompted an internal investigation, and the names of the LAPD officers involved are being withheld.Moore and Marino were in been organized so the top cops could meetbeing withheld. Moore and Marino were in been France as part of a weeklong trip that had</p>", "image_icon": "practic/fram_icon_bsJpyBM.jpg", "image": "practic/riyaz_ESHsAXz.png"}}, {"model": "about.practic", "pk": 7, "fields": {"created_at": "2021-12-24", "updated_at": "2021-12-24", "title": "Şərabçılıq və qıcqırtma məhsulları texnologiyası", "description": "<p>The incident prompted an internal investigation, and the names of the LAPD officers involved are being withheld.Moore and Marino were in been organized so the top cops could meetbeing withheld. Moore and Marino were in been France as part of a weeklong trip that had</p>", "image_icon": "practic/fram_icon_az0L3Yv.jpg", "image": "practic/riyaz_XMV7xhM.png"}}, {"model": "about.practic", "pk": 8, "fields": {"created_at": "2021-12-24", "updated_at": "2021-12-24", "title": "Qida məhsullarının təhlükəsizliyi", "description": "<p>The incident prompted an internal investigation, and the names of the LAPD officers involved are being withheld.Moore and Marino were in been organized so the top cops could meetbeing withheld. Moore and Marino were in been France as part of a weeklong trip that had</p>", "image_icon": "practic/fram_icon_yFQmUeu.jpg", "image": "practic/riyaz_XjubEdj.png"}}, {"model": "about.practic", "pk": 9, "fields": {"created_at": "2021-12-24", "updated_at": "2021-12-24", "title": "Çörək və un qənnadı məhsulları", "description": "<p>The incident prompted an internal investigation, and the names of the LAPD officers involved are being withheld.Moore and Marino were in been organized so the top cops could meetbeing withheld. Moore and Marino were in been France as part of a weeklong trip that had</p>", "image_icon": "practic/fram_icon_pVVOjSj.jpg", "image": "practic/riyaz_5CilQPA.png"}}, {"model": "about.practic", "pk": 10, "fields": {"created_at": "2021-12-24", "updated_at": "2021-12-24", "title": "Turizm işinin təşkili", "description": "<p>The incident prompted an internal investigation, and the names of the LAPD officers involved are being withheld.Moore and Marino were in been organized so the top cops could meetbeing withheld. Moore and Marino were in been France as part of a weeklong trip that had</p>", "image_icon": "practic/fram_icon_CQPKFom.jpg", "image": "practic/riyaz_PgNHw8s.png"}}, {"model": "about.practic", "pk": 11, "fields": {"created_at": "2021-12-24", "updated_at": "2021-12-24", "title": "Mehmanxana Təsərrüfatının Təşkili və İdarə edilməsi", "description": "<p>The incident prompted an internal investigation, and the names of the LAPD officers involved are being withheld.Moore and Marino were in been organized so the top cops could meetbeing withheld. Moore and Marino were in been France as part of a weeklong trip that had</p>", "image_icon": "practic/fram_icon_6oXMHx0.jpg", "image": "practic/riyaz_9Zlq7NS.png"}}, {"model": "about.practic", "pk": 12, "fields": {"created_at": "2021-12-24", "updated_at": "2021-12-24", "title": "Məktəbə qədər təhsil", "description": "<p>The incident prompted an internal investigation, and the names of the LAPD officers involved are being withheld.Moore and Marino were in been organized so the top cops could meetbeing withheld. Moore and Marino were in been France as part of a weeklong trip that had</p>", "image_icon": "practic/fram_icon_5dBuOwu.jpg", "image": "practic/riyaz_514Pyxy.png"}}, {"model": "about.practic", "pk": 13, "fields": {"created_at": "2021-12-24", "updated_at": "2021-12-24", "title": "Kompyuter sistemlərində proqram təminatı", "description": "<p>The incident prompted an internal investigation, and the names of the LAPD officers involved are being withheld.Moore and Marino were in been organized so the top cops could meetbeing withheld. Moore and Marino were in been France as part of a weeklong trip that had</p>", "image_icon": "practic/fram_icon_CZeAtjG.jpg", "image": "practic/riyaz_2eB5Ju5.png"}}, {"model": "about.practic", "pk": 14, "fields": {"created_at": "2021-12-24", "updated_at": "2021-12-24", "title": "Mühasibat uçotu", "description": "<p>The incident prompted an internal investigation, and the names of the LAPD officers involved are being withheld.Moore and Marino were in been organized so the top cops could meetbeing withheld. Moore and Marino were in been France as part of a weeklong trip that had</p>", "image_icon": "practic/fram_icon_rkwYsVD.jpg", "image": "practic/riyaz_3U3rd0Q.png"}}, {"model": "about.practicplace", "pk": 1, "fields": {"created_at": "2021-12-24", "updated_at": "2021-12-24", "title": "Ismayıllı Mərkəzi Xəstəxanası", "description": "<p>&Uuml;nvan: Mirzə Axundov k&uuml;&ccedil;əsi. Kapital Bankın yanı</p>", "practic": 1}}, {"model": "about.practicplace", "pk": 2, "fields": {"created_at": "2021-12-24", "updated_at": "2021-12-24", "title": "Qəbələ Tufandag Otel", "description": "<p>&Uuml;nvan: Qəbələ şəhəri, C. Quluyev k&uuml;&ccedil;əsi</p>", "practic": 10}}, {"model": "about.practicplace", "pk": 3, "fields": {"created_at": "2021-12-24", "updated_at": "2021-12-24", "title": "Süd zavodu", "description": "<p>&Uuml;nvan: Keyvəndi kəndi, T.Əhmədov k&uuml;&ccedil;əsi</p>", "practic": 8}}, {"model": "about.gallery", "pk": 1, "fields": {"created_at": "2021-12-24", "updated_at": "2021-12-24", "name": "Salam", "image": "gallery/teacher5_FzFNxfP.jpg"}}, {"model": "about.gallery", "pk": 2, "fields": {"created_at": "2021-12-24", "updated_at": "2021-12-24", "name": "novruz", "image": "gallery/event1.jpg"}}, {"model": "about.gallery", "pk": 3, "fields": {"created_at": "2021-12-24", "updated_at": "2021-12-24", "name": "bayraq", "image": "gallery/flag.jpeg"}}, {"model": "about.gallery", "pk": 4, "fields": {"created_at": "2021-12-24", "updated_at": "2021-12-24", "name": "geyim", "image": "gallery/mektabgeyim.jpeg"}}, {"model": "about.gallery", "pk": 5, "fields": {"created_at": "2021-12-24", "updated_at": "2021-12-24", "name": "prezident", "image": "gallery/uluonder.jpeg"}}, {"model": "about.gallery", "pk": 6, "fields": {"created_at": "2021-12-24", "updated_at": "2021-12-24", "name": "prezidentcari", "image": "gallery/prezident.jpg"}}, {"model": "about.gallery", "pk": 7, "fields": {"created_at": "2021-12-24", "updated_at": "2021-12-24", "name": "shahmat", "image": "gallery/shahmat.jpeg"}}, {"model": "about.gallery", "pk": 8, "fields": {"created_at": "2021-12-24", "updated_at": "2021-12-24", "name": "qadin", "image": "gallery/teacher6_TiXxzYF.jpg"}}, {"model": "about.gallery", "pk": 9, "fields": {"created_at": "2021-12-24", "updated_at": "2021-12-24", "name": "neü year", "image": "gallery/newyear.jpeg"}}, {"model": "about.gallery", "pk": 10, "fields": {"created_at": "2021-12-24", "updated_at": "2021-12-24", "name": "qiz", "image": "gallery/riyaz.png"}}, {"model": "about.careersupport", "pk": 1, "fields": {"created_at": "2021-12-24", "updated_at": "2021-12-24", "description": "<p>Tələbələrin Ali Təhsili almasina dəstək</p>\r\n\r\n<p>Universitetlərə sənəd qəbuluna istiqamət vermək.</p>\r\n\r\n<p>&nbsp;</p>\r\n\r\n<p>CV hazırlanmasına dəstək</p>\r\n\r\n<p>Proqram&ccedil;ı CV-si necə olur? Məzun olanda sənə də hazırlayacağıq. &Ccedil;&uuml;nki hazırladığımız CV-lərlə məzunlarımız yerli və qlobal şirkətlərdə &ccedil;alışır.</p>\r\n\r\n<p>&nbsp;</p>\r\n\r\n<p>Karyera bələd&ccedil;isi</p>\r\n\r\n<p>Karyera bələd&ccedil;isi kurs m&uuml;ddətində daim yanında olur, səni istiqamətləndirir və uğurlu karyeraya hazırlayır.</p>\r\n\r\n<p>&nbsp;</p>\r\n\r\n<p>Təcr&uuml;bə proqramları</p>\r\n\r\n<p>B&uuml;t&uuml;n iş elanlarında təcr&uuml;bə tələb olunur. Təcr&uuml;bə proqramını isə uğurla məzun olduqdan sonra biz təmin edəcəyik!</p>\r\n\r\n<p>&nbsp;</p>\r\n\r\n<p>&nbsp;</p>"}}, {"model": "core.mostquestions", "pk": 1, "fields": {"created_at": "2021-12-24", "updated_at": "2021-12-24", "title": "Dərslərdə iştirak edə bilmədim. Bu halda nə etməliyəm?", "description": "<p>&nbsp;</p>\r\n\r\n<p>Dərslərdə hər hansı bir &uuml;zrl&uuml; səbəbdən (&ouml;lkəni və ya BANM-i m&uuml;əyyən tədbirlərdə təmsil etmək , səhhətinizdə yaranan problem və s.)&nbsp;&nbsp;iştirak etmədiyiniz zaman təhsil aldığınız kafedraya&nbsp;məlumat verməyiniz zəruridir. Əgər rəhbərlik x&uuml;susi tədbirlərdə iştirakınıza icazə verilərsə, bu zaman qayıb &uuml;zrl&uuml; hesab olunur.&nbsp;&nbsp;Səbəb sağlamlığınızla əlaqəlidirsə bu halda m&uuml;tləq şəkildə Azərbaycan Respublikası Səhiyyə Nazirliyi tərəfindən təsdiq edilmiş qaydada sağlamlıq haqqında arayışı dərslərdə yenidən&nbsp;iştirak etməyə başladığınız ilk g&uuml;n&nbsp;Karyera və tələbələrlə iş ş&ouml;bəsinə təhvil verməlisiniz. Əks halda dərsdə iştirakınız &uuml;z&uuml;rs&uuml;z hesab olunacaq.</p>"}}, {"model": "core.mostquestions", "pk": 2, "fields": {"created_at": "2021-12-24", "updated_at": "2021-12-24", "title": "Dərslərdə iştirak məcburidir? Qayıb limitini keçdikdə nə baş verir ?", "description": "<p>&ldquo;Təhsil haqqında&rdquo; Azərbaycan Respublikasının Qanununun 3.2.23-c&uuml; bəndinə əsasən&nbsp;fənn &uuml;zrə ayrılmış auditoriya saatlarının&nbsp;25 faizindən &ccedil;oxunda &uuml;z&uuml;rs&uuml;z səbəbdən iştirak etməyən tələbə&nbsp;&nbsp;həmin fəndən imtahana buraxılmır&nbsp;və tələbənin&nbsp;akademik borcu yaranır. S&ouml;z&uuml; gedən qanunun 3.2.14 bəndinə uyğun olaraq bu səbəbdən&nbsp;akademik borcu olan tələbə&nbsp;fənni yenidən dinləməli&nbsp;və həmin fəndən dərslərdə iştirak etməklə, onun&nbsp;&nbsp;mənimsənilməsinə qoyulan tələbləri tam yerinə yetirməlidir.</p>"}}, {"model": "core.mostquestions", "pk": 3, "fields": {"created_at": "2021-12-24", "updated_at": "2021-12-24", "title": "Dərs qeydiyyatı nə üçündür? TMS-də qeydiyyatdan keçmək zəruridir?", "description": "<p>Dərs qeydiyyatı tələbələrin semestr &uuml;zrə dinlədiyi fənlərin və fənlərdən topladığı nəticələrin sistemləşmiş şəkildə əks edilməsi &uuml;&ccedil;&uuml;n zəruridir. Tələbələrə hər semestr &ouml;ncəsi dərs qeydiyyatından ke&ccedil;mələri haqqında məlumat verilir. M&uuml;əyyən&nbsp;edilmiş vaxt &ccedil;ər&ccedil;ivəsində qeydiyyatdan ke&ccedil;məyən tələbə cari semestr &uuml;zrə tədris olunan fənlərə buraxılmır.</p>"}}, {"model": "core.mostquestions", "pk": 4, "fields": {"created_at": "2021-12-24", "updated_at": "2021-12-24", "title": "Turnitində plagiarizm limitini keçdikdə nə baş verir?", "description": "<p>Tələbə turnitində plagiarizm limitini ke&ccedil;dikdə n&ouml;vbəti semestr &uuml;&ccedil;&uuml;n təqa&uuml;d verilməsi dayandırılır və tələbə şiddətli t&ouml;hmətlə son xəbərdarlıq alır. Bu hal təkrarlandığı halda tələbə ali məktəbdən xaric olunur.</p>"}}, {"model": "core.mostquestions", "pk": 5, "fields": {"created_at": "2021-12-24", "updated_at": "2021-12-24", "title": "Yay məktəbində iştirak edərək fənni yenidən dinləmək istəyirəm. Yay məktəbi nə zaman və hansı şərtlə", "description": "<p>&ldquo;Təhsil haqqında&rdquo; Azərbaycan Respublikasının Qanununun&nbsp;&nbsp;3.4.2-ci bəndinə əsasən&nbsp;yay semestri yaz semestri başa &ccedil;atdıqdan sonra təşkil olunur və onun başlanma m&uuml;ddəti ali təhsil m&uuml;əssisəsi&nbsp;&nbsp;tərəfindən m&uuml;əyyən edilir. Yay semestrinin (nəzəri təlim və imtahanlar) m&uuml;ddəti 6 (altı) həftədir. İmtahan m&uuml;ddəti 1 (bir) həftədən artıq olmamaqla, yay semestrinin sonuncu həftəsində təşkil edilir. S&ouml;z&uuml; gedən qanunun 3.4.3-c&uuml; bəndinə əsasən&nbsp;yay semestrində tələbənin g&ouml;t&uuml;rd&uuml;y&uuml; fənlər &uuml;zrə kreditlərin cəmi 10-dan artıq olmamalıdır.&nbsp;&nbsp;</p>\r\n\r\n<p>Yay semestrinin təşkili &uuml;&ccedil;&uuml;n ən azı 3 tələbənin iştirakı və ya tələbə sayı 3-dən az olarsa 3 tələbə &uuml;&ccedil;&uuml;n təyin olunan məbləğ &ouml;dənilməlməlidir. &nbsp;&nbsp;</p>\r\n\r\n<p>Daha ətraflı:&nbsp;http://demo.bhos.edu.az/kcfinder/upload/files/%28AZ%29Yay%20mektebi.pdf .</p>"}}, {"model": "core.mostquestions", "pk": 6, "fields": {"created_at": "2021-12-24", "updated_at": "2021-12-24", "title": "Fənni təkrar dinləmək üçün ödəniş necə hesablanır?", "description": "<p>Azərbaycan Respublikası Nazirlər Kabinetinin 348 saylı qərarına, 4.3 -c&uuml; bəndinə əsasən&nbsp;&nbsp;təkrar fənni təkrar dinləmək&nbsp;&nbsp;haqqı tələbənin ali təhsil m&uuml;əssəsinə daxil olduğu il &uuml;&ccedil;&uuml;n nəzərdə tutulan illik təhsil haqqının 60 -a b&ouml;l&uuml;nməsi və nəticənin fənnin kreditləri ilə vurulması yolu ilə hesablanır.</p>"}}, {"model": "core.mostquestions", "pk": 7, "fields": {"created_at": "2021-12-24", "updated_at": "2021-12-24", "title": "İmtahanda iştirak edə bilmədim , yenidən imtahan verə bilərəm?", "description": "<p>Təhsil haqqında&rdquo; Azərbaycan Respublikasının Qanununun 3.2.14-c&uuml; bəndinə əsasən &uuml;zrl&uuml; səbəbdən imtahanda (imtahanlarda) iştirak etməyən tələbəyə isə n&ouml;vbəti semestrin dərsləri başlanana qədər bir dəfə həmin imtahanı (imtahanları) vermək imkanı yaradılır. &Uuml;zrl&uuml; səbəbdən imtahanda iştirak etməyən tələbə n&ouml;vbəti semestrin dərsləri başlanana qədər imtahanda iştirak etdikdə, həmin fənn &uuml;zrə təkrar imtahan &uuml;&ccedil;&uuml;n &ouml;dəniş etmir. Bu imkandan istifadə etməyən tələbə &uuml;zrs&uuml;z səbəbdən imtahanda iştirak etməyən tələbə hesab olunur və akademik borcu yaranır və n&ouml;vbəti sessiyalardan birində imtahanda iştirak etdiyi zaman m&uuml;vafiq &ouml;dənişi etməlidir..</p>"}}, {"model": "core.mostquestions", "pk": 8, "fields": {"created_at": "2021-12-24", "updated_at": "2021-12-24", "title": "İmtahan nəticəm məni qane etmir. Bu halda nə etməliyəm?", "description": "<p>Tələbəni imtahan nəticəsi qane etmədiyi halda nəticə elan olunduğu g&uuml;ndən başlayaraq 3 iş g&uuml;n&uuml; ərzində bu haqda apelyasiya m&uuml;raciətini Keyfiyyətin təminatı ş&ouml;bəsinə yazılı şəkildə bildirməlidir. Apelyasiya prosesi zamanı m&uuml;əllim heyəti və Keyfiyyətin təminatı ş&ouml;bəsinin əməkdaşları iştirak edir. İmtahan cavablarınız yenidən analiz olunur və qərar olaraq nəticəniz arta/azala, yaxud eyni qala bilər.</p>"}}, {"model": "core.mostquestions", "pk": 9, "fields": {"created_at": "2021-12-24", "updated_at": "2021-12-24", "title": "Fəndən müvəffəq nəticə əldə etmişəm , lakin nəticəm məni qane etmir. Yenidən imtahanda iştirak etmək", "description": "<p>Tələbənin m&uuml;vafiq fəndən akademik borcu olmadığı halda alt qruplarla yenidən dinləməyinə və ya təkrar imtahanda iştirak etməyinə icazə verilmir Tələbə həmin fənni yalnız yay məktəbində təkrar dinləyərək yenidən imtahanda iştirak edə bilər. Əlavə məlumat &uuml;&ccedil;&uuml;n Siyasət &amp; Qaydalar b&ouml;lməsinə ke&ccedil;id edin.&nbsp;</p>"}}, {"model": "core.mostquestions", "pk": 10, "fields": {"created_at": "2021-12-24", "updated_at": "2021-12-24", "title": "Təkrar imtahan ödənişi necə hesablanır?", "description": "<p>Azərbaycan Respublikası Nazirlər Kabinetinin 348 saylı qərarının&nbsp;4.3 -c&uuml; bəndinə əsasən&nbsp;&nbsp;təkrar imtahan haqqı tələbənin ali təhsil m&uuml;əssəsinə daxil olduğu il &uuml;&ccedil;&uuml;n nəzərdə tutulan illik təhsil haqqının 60 -a b&ouml;l&uuml;nməsi, nəticənin fənnin kreditləri ilə vurulması əsasında alınan məbləğin 25 %-ni təşkil edir. Məbləğ təkrar imtahandan &ouml;ncə &ouml;dənilməlidir. .</p>"}}, {"model": "staff.teacher", "pk": 1, "fields": {"created_at": "2021-12-24", "updated_at": "2021-12-24", "full_name": "Sultan Rövşənova", "full_name_en": null, "full_name_az": "Sultan Rövşənova", "full_name_ru": null, "description": "<p>The incident prompted an internal investigation, and the names of the LAPD officers involved are being withheld.Moore and Marino were in been organized so the top cops could meetbeing withheld. Moore and Marino were in been France as part of a weeklong trip that hadThe incident prompted an internal investigation, and the names of the LAPD officers involved are being withheld.Moore and Marino were in been organized so the top cops could meetbeing withheld. Moore and Marino were in been France as part of a weeklong trip that had</p>", "description_en": null, "description_az": "<p>The incident prompted an internal investigation, and the names of the LAPD officers involved are being withheld.Moore and Marino were in been organized so the top cops could meetbeing withheld. Moore and Marino were in been France as part of a weeklong trip that hadThe incident prompted an internal investigation, and the names of the LAPD officers involved are being withheld.Moore and Marino were in been organized so the top cops could meetbeing withheld. Moore and Marino were in been France as part of a weeklong trip that had</p>", "description_ru": null, "photo": "teachers/teacher6.jpg", "subject": 4}}, {"model": "staff.teacher", "pk": 2, "fields": {"created_at": "2021-12-24", "updated_at": "2021-12-24", "full_name": "Məmmədli İlqar", "full_name_en": null, "full_name_az": "Məmmədli İlqar", "full_name_ru": null, "description": "<p>Lorem ipsum dolor, sit amet consectetur adipisicing elit. Sed eaque ab quisquam nulla explicabo distinctio quam inventore id? Cupiditate hic porro illum sint nostrum perspiciatis eligendi itaque, iusto voluptatem sequi?Lorem ipsum dolor, sit amet consectetur adipisicing elit. Sed eaque ab quisquam nulla explicabo distinctio quam inventore id? Cupiditate hic porro illum sint nostrum perspiciatis eligendi itaque, iusto voluptatem sequi?</p>", "description_en": null, "description_az": "<p>Lorem ipsum dolor, sit amet consectetur adipisicing elit. Sed eaque ab quisquam nulla explicabo distinctio quam inventore id? Cupiditate hic porro illum sint nostrum perspiciatis eligendi itaque, iusto voluptatem sequi?Lorem ipsum dolor, sit amet consectetur adipisicing elit. Sed eaque ab quisquam nulla explicabo distinctio quam inventore id? Cupiditate hic porro illum sint nostrum perspiciatis eligendi itaque, iusto voluptatem sequi?</p>", "description_ru": null, "photo": "teachers/menimg.jpeg", "subject": 1}}, {"model": "staff.teacher", "pk": 3, "fields": {"created_at": "2021-12-24", "updated_at": "2021-12-24", "full_name": "Aytən Mirzəyeva", "full_name_en": null, "full_name_az": "Aytən Mirzəyeva", "full_name_ru": null, "description": "<p>The incident prompted an internal investigation, and the names of the LAPD officers involved are being withheld.Moore and Marino were in been organized so the top cops could meetbeing withheld. Moore and Marino were in been France as part of a weeklong trip that hadThe incident prompted an internal investigation, and the names of the LAPD officers involved are being withheld.Moore and Marino were in been organized so the top cops could meetbeing withheld. Moore and Marino were in been France as part of a weeklong trip that had</p>", "description_en": null, "description_az": "<p>The incident prompted an internal investigation, and the names of the LAPD officers involved are being withheld.Moore and Marino were in been organized so the top cops could meetbeing withheld. Moore and Marino were in been France as part of a weeklong trip that hadThe incident prompted an internal investigation, and the names of the LAPD officers involved are being withheld.Moore and Marino were in been organized so the top cops could meetbeing withheld. Moore and Marino were in been France as part of a weeklong trip that had</p>", "description_ru": null, "photo": "teachers/teacher.png", "subject": 2}}, {"model": "staff.teacher", "pk": 4, "fields": {"created_at": "2021-12-24", "updated_at": "2021-12-24", "full_name": "Almaz Abdullayeva", "full_name_en": null, "full_name_az": "Almaz Abdullayeva", "full_name_ru": null, "description": "<p>The incident prompted an internal investigation, and the names of the LAPD officers involved are being withheld.Moore and Marino were in been organized so the top cops could meetbeing withheld. Moore and Marino were in been France as part of a weeklong trip that hadThe incident prompted an internal investigation, and the names of the LAPD officers involved are being withheld.Moore and Marino were in been organized so the top cops could meetbeing withheld. Moore and Marino were in been France as part of a weeklong trip that had</p>", "description_en": null, "description_az": "<p>The incident prompted an internal investigation, and the names of the LAPD officers involved are being withheld.Moore and Marino were in been organized so the top cops could meetbeing withheld. Moore and Marino were in been France as part of a weeklong trip that hadThe incident prompted an internal investigation, and the names of the LAPD officers involved are being withheld.Moore and Marino were in been organized so the top cops could meetbeing withheld. Moore and Marino were in been France as part of a weeklong trip that had</p>", "description_ru": null, "photo": "teachers/teacher1.png", "subject": 3}}, {"model": "staff.teacher", "pk": 5, "fields": {"created_at": "2021-12-24", "updated_at": "2021-12-24", "full_name": "Ramid Nəcəfov", "full_name_en": null, "full_name_az": "Ramid Nəcəfov", "full_name_ru": null, "description": "<p>The incident prompted an internal investigation, and the names of the LAPD officers involved are being withheld.Moore and Marino were in been organized so the top cops could meetbeing withheld. Moore and Marino were in been France as part of a weeklong trip that hadThe incident prompted an internal investigation, and the names of the LAPD officers involved are being withheld.Moore and Marino were in been organized so the top cops could meetbeing withheld. Moore and Marino were in been France as part of a weeklong trip that had</p>", "description_en": null, "description_az": "<p>The incident prompted an internal investigation, and the names of the LAPD officers involved are being withheld.Moore and Marino were in been organized so the top cops could meetbeing withheld. Moore and Marino were in been France as part of a weeklong trip that hadThe incident prompted an internal investigation, and the names of the LAPD officers involved are being withheld.Moore and Marino were in been organized so the top cops could meetbeing withheld. Moore and Marino were in been France as part of a weeklong trip that had</p>", "description_ru": null, "photo": "teachers/menimg2.jpg", "subject": 1}}, {"model": "staff.teacher", "pk": 6, "fields": {"created_at": "2021-12-24", "updated_at": "2021-12-24", "full_name": "Günel Axundova", "full_name_en": null, "full_name_az": "Günel Axundova", "full_name_ru": null, "description": "<p>Sultan R&ouml;vşənova</p>", "description_en": null, "description_az": "<p>Sultan R&ouml;vşənova</p>", "description_ru": null, "photo": "teachers/teacher5.jpg", "subject": 5}}, {"model": "staff.teacher", "pk": 7, "fields": {"created_at": "2021-12-24", "updated_at": "2021-12-24", "full_name": "Rasim İsgəndərov", "full_name_en": null, "full_name_az": "Rasim İsgəndərov", "full_name_ru": null, "description": "<p>The incident prompted an internal investigation, and the names of the LAPD officers involved are being withheld.Moore and Marino were in been organized so the top cops could meetbeing withheld. Moore and Marino were in been France as part of a weeklong trip that hadThe incident prompted an internal investigation, and the names of the LAPD officers involved are being withheld.Moore and Marino were in been organized so the top cops could meetbeing withheld. Moore and Marino were in been France as part of a weeklong trip that had</p>", "description_en": null, "description_az": "<p>The incident prompted an internal investigation, and the names of the LAPD officers involved are being withheld.Moore and Marino were in been organized so the top cops could meetbeing withheld. Moore and Marino were in been France as part of a weeklong trip that hadThe incident prompted an internal investigation, and the names of the LAPD officers involved are being withheld.Moore and Marino were in been organized so the top cops could meetbeing withheld. Moore and Marino were in been France as part of a weeklong trip that had</p>", "description_ru": null, "photo": "teachers/menimg1.jpeg", "subject": 6}}, {"model": "staff.teacher", "pk": 8, "fields": {"created_at": "2021-12-24", "updated_at": "2021-12-24", "full_name": "Amalya Hüseynova", "full_name_en": null, "full_name_az": "Amalya Hüseynova", "full_name_ru": null, "description": "<p>The incident prompted an internal investigation, and the names of the LAPD officers involved are being withheld.Moore and Marino were in been organized so the top cops could meetbeing withheld. Moore and Marino were in been France as part of a weeklong trip that hadThe incident prompted an internal investigation, and the names of the LAPD officers involved are being withheld.Moore and Marino were in been organized so the top cops could meetbeing withheld. Moore and Marino were in been France as part of a weeklong trip that had</p>", "description_en": null, "description_az": "<p>The incident prompted an internal investigation, and the names of the LAPD officers involved are being withheld.Moore and Marino were in been organized so the top cops could meetbeing withheld. Moore and Marino were in been France as part of a weeklong trip that hadThe incident prompted an internal investigation, and the names of the LAPD officers involved are being withheld.Moore and Marino were in been organized so the top cops could meetbeing withheld. Moore and Marino were in been France as part of a weeklong trip that had</p>", "description_ru": null, "photo": "teachers/dr_img.png", "subject": 7}}, {"model": "staff.subject", "pk": 1, "fields": {"created_at": "2021-12-24", "updated_at": "2021-12-24", "title": "Turizm", "title_en": null, "title_az": "Turizm", "title_ru": null}}, {"model": "staff.subject", "pk": 2, "fields": {"created_at": "2021-12-24", "updated_at": "2021-12-24", "title": "Tarix", "title_en": null, "title_az": "Tarix", "title_ru": null}}, {"model": "staff.subject", "pk": 3, "fields": {"created_at": "2021-12-24", "updated_at": "2021-12-24", "title": "Kimya", "title_en": null, "title_az": "Kimya", "title_ru": null}}, {"model": "staff.subject", "pk": 4, "fields": {"created_at": "2021-12-24", "updated_at": "2021-12-24", "title": "Rus Dili", "title_en": null, "title_az": "Rus Dili", "title_ru": null}}, {"model": "staff.subject", "pk": 5, "fields": {"created_at": "2021-12-24", "updated_at": "2021-12-24", "title": "İngilis Dili", "title_en": null, "title_az": "İngilis Dili", "title_ru": null}}, {"model": "staff.subject", "pk": 6, "fields": {"created_at": "2021-12-24", "updated_at": "2021-12-24", "title": "İqtisafiyyat", "title_en": null, "title_az": "İqtisafiyyat", "title_ru": null}}, {"model": "staff.subject", "pk": 7, "fields": {"created_at": "2021-12-24", "updated_at": "2021-12-24", "title": "Ana Dili", "title_en": null, "title_az": "Ana Dili", "title_ru": null}}, {"model": "staff.subject", "pk": 8, "fields": {"created_at": "2021-12-24", "updated_at": "2021-12-24", "title": "İnformatika", "title_en": null, "title_az": "İnformatika", "title_ru": null}}, {"model": "staff.subject", "pk": 9, "fields": {"created_at": "2021-12-24", "updated_at": "2021-12-24", "title": "Biologiya", "title_en": null, "title_az": "Biologiya", "title_ru": null}}, {"model": "staff.pdf", "pk": 1, "fields": {"created_at": "2021-12-24", "updated_at": "2021-12-24", "title": "Turizm", "title_en": null, "title_az": "Turizm", "title_ru": null, "category": 1, "file": "pdf/Metodik_vesaiti__05.06.14..docx"}}, {"model": "staff.pdf", "pk": 2, "fields": {"created_at": "2021-12-24", "updated_at": "2021-12-24", "title": "Tarix", "title_en": null, "title_az": "Tarix", "title_ru": null, "category": 2, "file": "pdf/MV_Teshkilat_03.01.16_İİ.doc"}}, {"model": "staff.pdf", "pk": 3, "fields": {"created_at": "2021-12-24", "updated_at": "2021-12-24", "title": "Kimya", "title_en": null, "title_az": "Kimya", "title_ru": null, "category": 3, "file": "pdf/movzu7.docx"}}, {"model": "staff.pdf", "pk": 4, "fields": {"created_at": "2021-12-24", "updated_at": "2021-12-24", "title": "İng. dili", "title_en": null, "title_az": "İng. dili", "title_ru": null, "category": 5, "file": "pdf/MV_Teshkilat_03.01.16_İİ_FPymroz.doc"}}, {"model": "staff.pdf", "pk": 5, "fields": {"created_at": "2021-12-24", "updated_at": "2021-12-24", "title": "İqtisadiyyat", "title_en": null, "title_az": "İqtisadiyyat", "title_ru": null, "category": 6, "file": "pdf/pdf_Metodik_vesaiti__05.06.14..docx"}}, {"model": "staff.pdf", "pk": 6, "fields": {"created_at": "2021-12-24", "updated_at": "2021-12-24", "title": "Rus dili", "title_en": null, "title_az": "Rus dili", "title_ru": null, "category": 4, "file": "pdf/cogr.Movzu_2.docx"}}, {"model": "staff.pdf", "pk": 7, "fields": {"created_at": "2021-12-24", "updated_at": "2021-12-24", "title": "Ana dili", "title_en": null, "title_az": "Ana dili", "title_ru": null, "category": 7, "file": "pdf/Mövzu_3_KOMMUNİKASİYA.docx"}}, {"model": "staff.pdf", "pk": 8, "fields": {"created_at": "2021-12-24", "updated_at": "2021-12-24", "title": "İnformatika", "title_en": null, "title_az": "İnformatika", "title_ru": null, "category": 8, "file": "pdf/pdf_Metodik_vesaiti__05.06.14._jnh3rVZ.docx"}}, {"model": "staff.pdf", "pk": 9, "fields": {"created_at": "2021-12-24", "updated_at": "2021-12-24", "title": "Tarix", "title_en": null, "title_az": "Tarix", "title_ru": null, "category": 9, "file": "pdf/movzu7_QrCOQHJ.docx"}}, {"model": "staff.libraryfaq", "pk": 1, "fields": {"created_at": "2021-12-24", "updated_at": "2021-12-24", "question": "Kitabxananın iş saatları?", "answer": "<p>09:00 - 17:00 aralığı həftə i&ccedil;i 5 g&uuml;n</p>"}}, {"model": "staff.libraryfaq", "pk": 2, "fields": {"created_at": "2021-12-24", "updated_at": "2021-12-24", "question": "Kitabxanadan götürdüyüm kitabı itirmişəm və ya yar", "answer": "<p>Ya həmin kitabın pdf formatından nəşr etdirirsiz və yaxud əvəzində d&uuml;nya ədəbiyyatından bestseller kitab təqdim edirsiniz.</p>"}}, {"model": "staff.libraryfaq", "pk": 3, "fields": {"created_at": "2021-12-24", "updated_at": "2021-12-24", "question": "Dərsliklərin verilməsi üçün fakültələr üzrə bölgü", "answer": "<p>&nbsp;</p>\r\n\r\n<p>Yalnız istisna hallarda.(sağlıq problemi varsa)</p>"}}, {"model": "staff.libraryfaq", "pk": 4, "fields": {"created_at": "2021-12-24", "updated_at": "2021-12-24", "question": "Tələbənin özündən başqa digər şəxsin dərslikləri g", "answer": "<p>Xeyr, yalnız tələbənin &ouml;z iştirakı ilə dərsliklər verilir.</p>"}}, {"model": "staff.libraryfaq", "pk": 5, "fields": {"created_at": "2021-12-24", "updated_at": "2021-12-24", "question": "Dərsliklərin təhvil verilməsini tələbədən başqa d", "answer": "<p>Bəli.</p>"}}, {"model": "staff.libraryfaq", "pk": 6, "fields": {"created_at": "2021-12-24", "updated_at": "2021-12-24", "question": "Bədii ədəbiyyatların istifadə müddəti nə qədərdir", "answer": "<p>Bir ay m&uuml;ddətdən artıq olmamaq şərti ilə.</p>"}}, {"model": "staff.libraryfaq", "pk": 7, "fields": {"created_at": "2021-12-24", "updated_at": "2021-12-24", "question": "Nüsxəsi az olan (qiymətli) kitabları kitabxanadan", "answer": "<p>&nbsp;</p>\r\n\r\n<p>Xeyr, bu kitabların istifadəsi məhz kitabxanada m&uuml;mk&uuml;nd&uuml;r.</p>"}}, {"model": "staff.libraryfaq", "pk": 8, "fields": {"created_at": "2021-12-24", "updated_at": "2021-12-24", "question": "Semestr bitdikdən sonra dərsliklərin vaxtının uzad", "answer": "<p>mtahandan ke&ccedil;ə bilməyən və yaxud hər hansı layihə &uuml;zərində işləyən tələbəyə icazə verilir.</p>"}}, {"model": "staff.libraryfaq", "pk": 9, "fields": {"created_at": "2021-12-24", "updated_at": "2021-12-24", "question": "Tələbə universiteti bitirdikdə kitabxana rəhbərliy", "answer": "<p>&nbsp;</p>\r\n\r\n<p>Tələbənin kitabxanaya he&ccedil; bir borcu qalmadığı halda.</p>"}}]